Country Name,Country Code,Year,Predicted_Population,Predicted_Population_Millions
Aruba,ABW,2026,105710.2389858216,0.1057102389858216
Aruba,ABW,2027,98266.90841043566,0.09826690841043566
Aruba,ABW,2028,86206.05970345263,0.08620605970345263
Aruba,ABW,2029,69299.4106858141,0.0692994106858141
Aruba,ABW,2030,47322.48257463903,0.04732248257463903
Aruba,ABW,2031,20053.347049451782,0.020053347049451782
Aruba,ABW,2032,-12727.504856069107,-0.012727504856069107
Aruba,ABW,2033,-51237.21263983124,-0.05123721263983124
Aruba,ABW,2034,-95690.58974463085,-0.09569058974463085
Aruba,ABW,2035,-146300.1658782193,-0.14630016587821928
Afghanistan,AFG,2026,45025957.1047048,45.025957104704794
Afghanistan,AFG,2027,46191682.25575143,46.19168225575143
Afghanistan,AFG,2028,47341181.00798513,47.34118100798513
Afghanistan,AFG,2029,48474436.32367328,48.47443632367328
Afghanistan,AFG,2030,49591436.68349965,49.59143668349965
Afghanistan,AFG,2031,50692170.14284307,50.69217014284307
Afghanistan,AFG,2032,51776623.914345875,51.776623914345876
Afghanistan,AFG,2033,52844784.347230375,52.84478434723037
Afghanistan,AFG,2034,53896636.93494548,53.89663693494548
Afghanistan,AFG,2035,54932166.32468516,54.932166324685156
Angola,AGO,2026,40180681.2112409,40.1806812112409
Angola,AGO,2027,41305479.458838016,41.305479458838015
Angola,AGO,2028,42414255.47451769,42.41425547451769
Angola,AGO,2029,43506982.33391176,43.506982333911765
Angola,AGO,2030,44583643.220274135,44.58364322027413
Angola,AGO,2031,45644221.28892703,45.644221288927035
Angola,AGO,2032,46688698.947635874,46.68869894763587
Angola,AGO,2033,47717057.8131167,47.717057813116696
Angola,AGO,2034,48729278.71595779,48.72927871595779
Angola,AGO,2035,49725341.70887324,49.725341708873245
Albania,ALB,2026,2319107.6776255565,2.3191076776255564
Albania,ALB,2027,2284777.1976980646,2.2847771976980646
Albania,ALB,2028,2246301.6793936403,2.2463016793936403
Albania,ALB,2029,2203443.184360799,2.203443184360799
Albania,ALB,2030,2155969.72125745,2.15596972125745
Albania,ALB,2031,2103652.114074639,2.103652114074639
Albania,ALB,2032,2046263.7342968415,2.0462637342968417
Albania,ALB,2033,1983580.4394307327,1.9835804394307328
Albania,ALB,2034,1915380.527023369,1.915380527023369
Albania,ALB,2035,1841444.6904493617,1.8414446904493618
Andorra,AND,2026,79982.55545455299,0.07998255545455299
Andorra,AND,2027,72687.6704565874,0.07268767045658739
Andorra,AND,2028,60771.72454659542,0.06077172454659542
Andorra,AND,2029,44006.578879935376,0.04400657887993538
Andorra,AND,2030,22167.812122669362,0.022167812122669363
Andorra,AND,2031,-4966.4535435294965,-0.004966453543529497
Andorra,AND,2032,-37615.677847450715,-0.037615677847450714
Andorra,AND,2033,-75996.95189363277,-0.07599695189363277
Andorra,AND,2034,-120325.04153332568,-0.12032504153332568
Andorra,AND,2035,-170812.4296695724,-0.17081242966957239
United Arab Emirates,ARE,2026,12032360.423783157,12.032360423783157
United Arab Emirates,ARE,2027,12541643.980561292,12.541643980561291
United Arab Emirates,ARE,2028,13040710.883946415,13.040710883946415
United Arab Emirates,ARE,2029,13529424.135484809,13.52942413548481
United Arab Emirates,ARE,2030,14007658.471833384,14.007658471833384
United Arab Emirates,ARE,2031,14475290.288142018,14.475290288142018
United Arab Emirates,ARE,2032,14932196.897018682,14.932196897018683
United Arab Emirates,ARE,2033,15378256.458270762,15.378256458270762
United Arab Emirates,ARE,2034,15813347.95708358,15.813347957083579
United Arab Emirates,ARE,2035,16237351.185933487,16.237351185933488
Argentina,ARG,2026,46003439.08750413,46.003439087504134
Argentina,ARG,2027,46152080.56455682,46.15208056455682
Argentina,ARG,2028,46297068.876361266,46.297068876361266
Argentina,ARG,2029,46438174.93202759,46.43817493202759
Argentina,ARG,2030,46575172.36027914,46.57517236027914
Argentina,ARG,2031,46707837.341288745,46.707837341288744
Argentina,ARG,2032,46835948.552396536,46.83594855239654
Argentina,ARG,2033,46959287.12267481,46.95928712267481
Argentina,ARG,2034,47077636.58878507,47.07763658878507
Argentina,ARG,2035,47190782.851573974,47.19078285157397
Armenia,ARM,2026,3134461.625521212,3.134461625521212
Armenia,ARM,2027,3177336.3537573824,3.1773363537573824
Armenia,ARM,2028,3215158.979726062,3.2151589797260622
Armenia,ARM,2029,3247715.062175356,3.247715062175356
Armenia,ARM,2030,3274788.8212899053,3.2747888212899054
Armenia,ARM,2031,3296166.5390670355,3.2961665390670354
Armenia,ARM,2032,3311636.7643778757,3.3116367643778757
Armenia,ARM,2033,3320990.289148354,3.320990289148354
Armenia,ARM,2034,3324020.108709009,3.324020108709009
Armenia,ARM,2035,3320521.381605584,3.3205213816055843
American Samoa,ASM,2026,41432.58616376348,0.04143258616376348
American Samoa,ASM,2027,32481.624823984108,0.03248162482398411
American Samoa,ASM,2028,18927.604726267047,0.018927604726267047
American Samoa,ASM,2029,542.0215682674898,0.0005420215682674898
American Samoa,ASM,2030,-22899.868952482007,-0.022899868952482007
American Samoa,ASM,2031,-51620.259890903486,-0.051620259890903485
American Samoa,ASM,2032,-85838.92105309654,-0.08583892105309654
American Samoa,ASM,2033,-125773.24872143753,-0.12577324872143752
American Samoa,ASM,2034,-171638.30911802733,-0.17163830911802733
American Samoa,ASM,2035,-223646.88078904536,-0.22364688078904535
Antigua and Barbuda,ATG,2026,90772.16823221504,0.09077216823221504
Antigua and Barbuda,ATG,2027,82969.40740018385,0.08296940740018384
Antigua and Barbuda,ATG,2028,70552.54837471643,0.07055254837471643
Antigua and Barbuda,ATG,2029,53293.30422631692,0.053293304226316916
Antigua and Barbuda,ATG,2030,30967.136049186345,0.030967136049186345
Antigua and Barbuda,ATG,2031,3352.0523580928566,0.0033520523580928565
Antigua and Barbuda,ATG,2032,-29771.518276593997,-0.029771518276593998
Antigua and Barbuda,ATG,2033,-68620.77686081268,-0.06862077686081268
Antigua and Barbuda,ATG,2034,-113410.59738666296,-0.11341059738666297
Antigua and Barbuda,ATG,2035,-164353.56916676718,-0.1643535691667672
Australia,AUS,2026,28019349.27555673,28.019349275556728
Australia,AUS,2027,28416062.109081052,28.416062109081054
Australia,AUS,2028,28804897.951894138,28.804897951894137
Australia,AUS,2029,29185731.716646288,29.185731716646288
Australia,AUS,2030,29558405.694315717,29.558405694315717
Australia,AUS,2031,29922761.195758704,29.922761195758703
Australia,AUS,2032,30278640.798179023,30.278640798179023
Australia,AUS,2033,30625888.480754323,30.625888480754323
Australia,AUS,2034,30964349.60905561,30.96434960905561
Australia,AUS,2035,31293870.90900067,31.29387090900067
Austria,AUT,2026,9233524.386942808,9.233524386942808
Austria,AUT,2027,9254655.956872063,9.254655956872062
Austria,AUT,2028,9271386.411273189,9.27138641127319
Austria,AUT,2029,9283492.17293329,9.28349217293329
Austria,AUT,2030,9290748.252600977,9.290748252600977
Austria,AUT,2031,9292931.860270064,9.292931860270064
Austria,AUT,2032,9289822.6230942,9.2898226230942
Austria,AUT,2033,9281202.56023371,9.28120256023371
Austria,AUT,2034,9266856.040888872,9.266856040888872
Austria,AUT,2035,9246569.741759425,9.246569741759425
Azerbaijan,AZE,2026,10287046.481931604,10.287046481931604
Azerbaijan,AZE,2027,10322809.988454904,10.322809988454905
Azerbaijan,AZE,2028,10354062.732098859,10.354062732098859
Azerbaijan,AZE,2029,10380579.518770324,10.380579518770324
Azerbaijan,AZE,2030,10402137.362996189,10.40213736299619
Azerbaijan,AZE,2031,10418515.70599978,10.41851570599978
Azerbaijan,AZE,2032,10429496.390438862,10.429496390438862
Azerbaijan,AZE,2033,10434863.618312664,10.434863618312665
Azerbaijan,AZE,2034,10434403.908295922,10.434403908295922
Azerbaijan,AZE,2035,10427906.05365725,10.427906053657251
Burundi,BDI,2026,14724115.602223061,14.72411560222306
Burundi,BDI,2027,15050541.930850312,15.050541930850311
Burundi,BDI,2028,15369156.008097263,15.369156008097264
Burundi,BDI,2029,15679794.250425078,15.679794250425077
Burundi,BDI,2030,15982291.818798484,15.982291818798485
Burundi,BDI,2031,16276485.201967753,16.276485201967752
Burundi,BDI,2032,16562212.374926139,16.562212374926137
Burundi,BDI,2033,16839312.783631038,16.839312783631037
Burundi,BDI,2034,17107627.317662492,17.10762731766249
Burundi,BDI,2035,17366998.28242414,17.36699828242414
Belgium,BEL,2026,12021141.227716573,12.021141227716573
Belgium,BEL,2027,12095886.118484836,12.095886118484836
Belgium,BEL,2028,12165753.02041813,12.16575302041813
Belgium,BEL,2029,12230520.452109007,12.230520452109007
Belgium,BEL,2030,12289972.09712528,12.28997209712528
Belgium,BEL,2031,12343894.178056033,12.343894178056033
Belgium,BEL,2032,12392075.228615763,12.392075228615763
Belgium,BEL,2033,12434306.038604908,12.434306038604907
Belgium,BEL,2034,12470379.611895327,12.470379611895327
Belgium,BEL,2035,12500091.125951247,12.500091125951247
Benin,BEN,2026,15159153.777878003,15.159153777878004
Benin,BEN,2027,15496140.569245303,15.496140569245304
Benin,BEN,2028,15825218.436234647,15.825218436234648
Benin,BEN,2029,16146220.127645787,16.146220127645787
Benin,BEN,2030,16458982.30106364,16.45898230106364
Benin,BEN,2031,16763343.285235865,16.763343285235866
Benin,BEN,2032,17059142.8927269,17.059142892726896
Benin,BEN,2033,17346222.380244803,17.346222380244804
Benin,BEN,2034,17624424.41998292,17.624424419982923
Benin,BEN,2035,17893593.07215448,17.89359307215448
Burkina Faso,BFA,2026,24592074.33955575,24.59207433955575
Burkina Faso,BFA,2027,25100339.354190346,25.100339354190346
Burkina Faso,BFA,2028,25599182.14359344,25.599182143593442
Burkina Faso,BFA,2029,26088463.379044678,26.08846337904468
Burkina Faso,BFA,2030,26568048.57297973,26.56804857297973
Burkina Faso,BFA,2031,27037804.55889154,27.037804558891537
Burkina Faso,BFA,2032,27497599.218695126,27.497599218695125
Burkina Faso,BFA,2033,27947301.443640843,27.947301443640843
Burkina Faso,BFA,2034,28386781.11230188,28.38678111230188
Burkina Faso,BFA,2035,28815909.070083275,28.815909070083276
Bangladesh,BGD,2026,177795499.8471919,177.7954998471919
Bangladesh,BGD,2027,179885010.81150016,179.88501081150017
Bangladesh,BGD,2028,181955286.23125273,181.95528623125273
Bangladesh,BGD,2029,184006394.51203176,184.00639451203176
Bangladesh,BGD,2030,186038417.34002918,186.03841734002918
Bangladesh,BGD,2031,188051435.2916362,188.0514352916362
Bangladesh,BGD,2032,190045526.8301069,190.04552683010692
Bangladesh,BGD,2033,192020768.2632233,192.0207682632233
Bangladesh,BGD,2034,193977233.76948875,193.97723376948875
Bangladesh,BGD,2035,195914995.4287575,195.9149954287575
Bulgaria,BGR,2026,6421569.975150057,6.4215699751500575
Bulgaria,BGR,2027,6405955.334426998,6.405955334426999
Bulgaria,BGR,2028,6386219.688348221,6.386219688348221
Bulgaria,BGR,2029,6362129.356465428,6.362129356465428
Bulgaria,BGR,2030,6333453.420431936,6.333453420431936
Bulgaria,BGR,2031,6299963.540711682,6.2999635407116825
Bulgaria,BGR,2032,6261433.900646061,6.261433900646061
Bulgaria,BGR,2033,6217641.160344172,6.217641160344172
Bulgaria,BGR,2034,6168364.411943749,6.168364411943749
Bulgaria,BGR,2035,6113385.13562483,6.11338513562483
Bahrain,BHR,2026,1608154.2397427275,1.6081542397427275
Bahrain,BHR,2027,1611533.8827929744,1.6115338827929744
Bahrain,BHR,2028,1610257.282710253,1.610257282710253
Bahrain,BHR,2029,1604097.3237784873,1.6040973237784872
Bahrain,BHR,2030,1592830.6684723636,1.5928306684723637
Bahrain,BHR,2031,1576236.5127150603,1.5762365127150602
Bahrain,BHR,2032,1554096.4556119854,1.5540964556119854
Bahrain,BHR,2033,1526194.4498750824,1.5261944498750823
Bahrain,BHR,2034,1492316.758677354,1.492316758677354
Bahrain,BHR,2035,1452251.913593645,1.452251913593645
"Bahamas, The",BHS,2026,400906.87718922703,0.400906877189227
"Bahamas, The",BHS,2027,394417.7237416095,0.3944177237416095
"Bahamas, The",BHS,2028,383317.7820612433,0.38331778206124334
"Bahamas, The",BHS,2029,367378.83329989784,0.36737883329989784
"Bahamas, The",BHS,2030,346376.3816861201,0.3463763816861201
"Bahamas, The",BHS,2031,320088.47680403607,0.32008847680403607
"Bahamas, The",BHS,2032,288295.58787760837,0.2882955878776084
"Bahamas, The",BHS,2033,250780.55426285963,0.2507805542628596
"Bahamas, The",BHS,2034,207328.54205252853,0.20732854205252854
"Bahamas, The",BHS,2035,157727.00174825866,0.15772700174825866
Bosnia and Herzegovina,BIH,2026,3112287.8704302893,3.1122878704302894
Bosnia and Herzegovina,BIH,2027,3080586.8834088063,3.0805868834088064
Bosnia and Herzegovina,BIH,2028,3044754.6030155485,3.0447546030155483
Bosnia and Herzegovina,BIH,2029,3004556.594800243,3.0045565948002433
Bosnia and Herzegovina,BIH,2030,2959761.0732988254,2.9597610732988255
Bosnia and Herzegovina,BIH,2031,2910138.833091976,2.910138833091976
Bosnia and Herzegovina,BIH,2032,2855463.20091859,2.85546320091859
Bosnia and Herzegovina,BIH,2033,2795509.9899802674,2.7955099899802676
Bosnia and Herzegovina,BIH,2034,2730057.4550708993,2.730057455070899
Bosnia and Herzegovina,BIH,2035,2658886.2484223703,2.65888624842237
Belarus,BLR,2026,9036477.07688087,9.036477076880871
Belarus,BLR,2027,8983719.1631449,8.9837191631449
Belarus,BLR,2028,8927462.385009106,8.927462385009106
Belarus,BLR,2029,8867462.61934999,8.86746261934999
Belarus,BLR,2030,8803479.089283952,8.803479089283952
Belarus,BLR,2031,8735273.786470603,8.735273786470604
Belarus,BLR,2032,8662611.384460239,8.662611384460238
Belarus,BLR,2033,8585259.188024601,8.585259188024601
Belarus,BLR,2034,8502987.085775312,8.502987085775311
Belarus,BLR,2035,8415567.503710229,8.415567503710228
Belize,BLZ,2026,424852.4640665834,0.4248524640665834
Belize,BLZ,2027,422369.3917076688,0.4223693917076688
Belize,BLZ,2028,415227.7384703908,0.4152277384703908
Belize,BLZ,2029,403200.11576808797,0.40320011576808795
Belize,BLZ,2030,386062.854126799,0.38606285412679897
Belize,BLZ,2031,363594.8169688485,0.36359481696884854
Belize,BLZ,2032,335577.2744850258,0.3355772744850258
Belize,BLZ,2033,301793.8542920818,0.3017938542920818
Belize,BLZ,2034,262030.4982409753,0.2620304982409753
Belize,BLZ,2035,216075.42029230256,0.21607542029230256
Bermuda,BMU,2026,60604.38286488294,0.060604382864882934
Bermuda,BMU,2027,52292.271889072785,0.05229227188907278
Bermuda,BMU,2028,39370.432945038076,0.03937043294503807
Bermuda,BMU,2029,21610.494847978058,0.021610494847978057
Bermuda,BMU,2030,-1212.1657118565636,-0.0012121657118565636
Bermuda,BMU,2031,-29319.62342007202,-0.029319623420072022
Bermuda,BMU,2032,-62931.53162585024,-0.06293153162585025
Bermuda,BMU,2033,-102265.1719878636,-0.10226517198786361
Bermuda,BMU,2034,-147535.49790437077,-0.14753549790437076
Bermuda,BMU,2035,-198955.17686795897,-0.19895517686795897
Bolivia,BOL,2026,12745253.576341027,12.745253576341028
Bolivia,BOL,2027,12903033.6323752,12.9030336323752
Bolivia,BOL,2028,13054957.691830505,13.054957691830504
Bolivia,BOL,2029,13200822.92694526,13.20082292694526
Bolivia,BOL,2030,13340430.090959553,13.340430090959552
Bolivia,BOL,2031,13473582.112830825,13.473582112830826
Bolivia,BOL,2032,13600083.961071359,13.600083961071359
Bolivia,BOL,2033,13719742.599292552,13.719742599292552
Bolivia,BOL,2034,13832366.948881142,13.832366948881141
Bolivia,BOL,2035,13937767.85272405,13.937767852724049
Brazil,BRA,2026,213622324.64263874,213.62232464263874
Brazil,BRA,2027,214431005.65413842,214.4310056541384
Brazil,BRA,2028,215238436.2023622,215.2384362023622
Brazil,BRA,2029,216044414.01873982,216.04441401873981
Brazil,BRA,2030,216848725.56307712,216.84872556307712
Brazil,BRA,2031,217651158.84947056,217.65115884947056
Brazil,BRA,2032,218451504.32589263,218.4515043258926
Brazil,BRA,2033,219249554.896414,219.24955489641403
Brazil,BRA,2034,220045105.88249713,220.04510588249713
Brazil,BRA,2035,220837954.9805533,220.8379549805533
Barbados,BRB,2026,278922.51456223906,0.27892251456223904
Barbados,BRB,2027,270871.34121859365,0.27087134121859363
Barbados,BRB,2028,258220.97206226288,0.25822097206226285
Barbados,BRB,2029,240742.9114434173,0.2407429114434173
Barbados,BRB,2030,218212.42421511683,0.21821242421511683
Barbados,BRB,2031,190407.32663511706,0.19040732663511706
Barbados,BRB,2032,157107.85834135342,0.15710785834135343
Barbados,BRB,2033,118096.63262405532,0.11809663262405531
Barbados,BRB,2034,73158.59296118381,0.07315859296118381
Barbados,BRB,2035,22080.970633102,0.022080970633102
Brunei Darussalam,BRN,2026,466040.26858331455,0.46604026858331454
Brunei Darussalam,BRN,2027,461368.6263400858,0.4613686263400858
Brunei Darussalam,BRN,2028,452067.9029720826,0.4520679029720826
Brunei Darussalam,BRN,2029,437910.236305242,0.437910236305242
Brunei Darussalam,BRN,2030,418671.46574186336,0.41867146574186337
Brunei Darussalam,BRN,2031,394129.96963985084,0.39412996963985086
Brunei Darussalam,BRN,2032,364066.54076077224,0.3640665407607722
Brunei Darussalam,BRN,2033,328264.3369236279,0.3282643369236279
Brunei Darussalam,BRN,2034,286508.8376978069,0.2865088376978069
Brunei Darussalam,BRN,2035,238587.8021570763,0.2385878021570763
Bhutan,BTN,2026,797955.6847187505,0.7979556847187506
Bhutan,BTN,2027,794849.9130351765,0.7948499130351765
Bhutan,BTN,2028,787116.7293944045,0.7871167293944045
Bhutan,BTN,2029,774528.2882750563,0.7745282882750563
Bhutan,BTN,2030,756860.5025225761,0.7568605025225761
Bhutan,BTN,2031,733891.827226118,0.7338918272261179
Bhutan,BTN,2032,705403.1313381677,0.7054031313381677
Bhutan,BTN,2033,671177.6480673945,0.6711776480673945
Bhutan,BTN,2034,631000.9315666967,0.6310009315666967
Bhutan,BTN,2035,584660.8147004507,0.5846608147004507
Botswana,BWA,2026,2598917.4301864896,2.5989174301864897
Botswana,BWA,2027,2631009.2983676535,2.6310092983676534
Botswana,BWA,2028,2658153.9450301137,2.6581539450301137
Botswana,BWA,2029,2680129.5365137886,2.6801295365137885
Botswana,BWA,2030,2696718.031909761,2.6967180319097612
Botswana,BWA,2031,2707703.8476233664,2.7077038476233666
Botswana,BWA,2032,2712873.7218532176,2.7128737218532177
Botswana,BWA,2033,2712016.6658770125,2.7120166658770124
Botswana,BWA,2034,2704923.922186828,2.704923922186828
Botswana,BWA,2035,2691388.9237210792,2.691388923721079
Central African Republic,CAF,2026,5690533.672722115,5.690533672722115
Central African Republic,CAF,2027,5861568.278926618,5.861568278926619
Central African Republic,CAF,2028,6026142.053939935,6.026142053939934
Central African Republic,CAF,2029,6184058.553803151,6.18405855380315
Central African Republic,CAF,2030,6335126.5574598685,6.335126557459868
Central African Republic,CAF,2031,6479157.009446384,6.479157009446384
Central African Republic,CAF,2032,6615962.767127445,6.615962767127445
Central African Republic,CAF,2033,6745358.549884599,6.745358549884599
Central African Republic,CAF,2034,6867160.903321929,6.867160903321929
Central African Republic,CAF,2035,6981188.165054533,6.981188165054533
Canada,CAN,2026,41976622.54118255,41.97662254118255
Canada,CAN,2027,42291611.69832671,42.291611698326705
Canada,CAN,2028,42600347.50739461,42.60034750739461
Canada,CAN,2029,42902921.2266282,42.9029212266282
Canada,CAN,2030,43199164.80425587,43.19916480425587
Canada,CAN,2031,43488893.35385239,43.48889335385239
Canada,CAN,2032,43771922.536695465,43.77192253669546
Canada,CAN,2033,44048069.77772921,44.04806977772921
Canada,CAN,2034,44317154.32091503,44.31715432091503
Canada,CAN,2035,44578997.20172565,44.57899720172565
Switzerland,CHE,2026,9172829.530143017,9.172829530143018
Switzerland,CHE,2027,9248241.62056431,9.24824162056431
Switzerland,CHE,2028,9318575.846719686,9.318575846719686
Switzerland,CHE,2029,9383624.840036318,9.383624840036317
Switzerland,CHE,2030,9443175.433882505,9.443175433882505
Switzerland,CHE,2031,9497016.176172392,9.497016176172393
Switzerland,CHE,2032,9544937.830245115,9.544937830245114
Switzerland,CHE,2033,9586733.372749396,9.586733372749396
Switzerland,CHE,2034,9622197.956001874,9.622197956001875
Switzerland,CHE,2035,9651128.86838447,9.65112886838447
Channel Islands,CHI,2026,164932.22578782542,0.1649322257878254
Channel Islands,CHI,2027,157037.968865802,0.15703796886580199
Channel Islands,CHI,2028,144535.37449999567,0.14453537449999568
Channel Islands,CHI,2029,127196.1069324686,0.1271961069324686
Channel Islands,CHI,2030,104795.5535577627,0.1047955535577627
Channel Islands,CHI,2031,77111.6486018789,0.0771116486018789
Channel Islands,CHI,2032,43924.74748218042,0.04392474748218042
Channel Islands,CHI,2033,5017.577280528727,0.005017577280528727
Channel Islands,CHI,2034,-39824.806677558925,-0.03982480667755892
Channel Islands,CHI,2035,-90815.06317629362,-0.09081506317629362
Chile,CHL,2026,19950500.18965612,19.95050018965612
Chile,CHL,2027,20036744.27448752,20.03674427448752
Chile,CHL,2028,20118461.848540198,20.1184618485402
Chile,CHL,2029,20195433.141630188,20.195433141630186
Chile,CHL,2030,20267438.61710306,20.26743861710306
Chile,CHL,2031,20334260.9849098,20.3342609849098
Chile,CHL,2032,20395685.305930555,20.395685305930556
Chile,CHL,2033,20451498.959841367,20.451498959841366
Chile,CHL,2034,20501491.60380563,20.501491603805633
Chile,CHL,2035,20545455.13112181,20.54545513112181
China,CHN,2026,1404254215.8687398,1404.25421586874
China,CHN,2027,1402032231.5838892,1402.0322315838891
China,CHN,2028,1399920922.869872,1399.9209228698721
China,CHN,2029,1397918766.211879,1397.918766211879
China,CHN,2030,1396024020.8311458,1396.0240208311457
China,CHN,2031,1394234956.7896104,1394.2349567896104
China,CHN,2032,1392549870.9450161,1392.5498709450162
China,CHN,2033,1390967087.6756752,1390.9670876756752
China,CHN,2034,1389484958.518162,1389.484958518162
China,CHN,2035,1388101861.7336388,1388.1018617336388
Cote d'Ivoire,CIV,2026,33478598.37510886,33.47859837510886
Cote d'Ivoire,CIV,2027,34233935.59008184,34.23393559008184
Cote d'Ivoire,CIV,2028,34977371.5304015,34.9773715304015
Cote d'Ivoire,CIV,2029,35708810.01302259,35.708810013022585
Cote d'Ivoire,CIV,2030,36428161.708710656,36.428161708710654
Cote d'Ivoire,CIV,2031,37135338.09413287,37.13533809413287
Cote d'Ivoire,CIV,2032,37830251.008432835,37.83025100843283
Cote d'Ivoire,CIV,2033,38512812.612468824,38.51281261246882
Cote d'Ivoire,CIV,2034,39182935.377101436,39.18293537710144
Cote d'Ivoire,CIV,2035,39840532.07369441,39.840532073694405
Cameroon,CMR,2026,30624450.106826514,30.624450106826515
Cameroon,CMR,2027,31357919.045248672,31.35791904524867
Cameroon,CMR,2028,32079574.78455926,32.07957478455926
Cameroon,CMR,2029,32789320.141964372,32.789320141964374
Cameroon,CMR,2030,33487063.45135372,33.48706345135372
Cameroon,CMR,2031,34172713.78944084,34.17271378944084
Cameroon,CMR,2032,34846180.62329617,34.84618062329617
Cameroon,CMR,2033,35507373.77557884,35.50737377557884
Cameroon,CMR,2034,36156203.41272414,36.15620341272414
Cameroon,CMR,2035,36792580.034915015,36.79258003491501
"Congo, Dem. Rep.",COD,2026,116355517.69900373,116.35551769900373
"Congo, Dem. Rep.",COD,2027,119838427.78644776,119.83842778644777
"Congo, Dem. Rep.",COD,2028,123281109.85292687,123.28110985292686
"Congo, Dem. Rep.",COD,2029,126683957.09446825,126.68395709446825
"Congo, Dem. Rep.",COD,2030,130047390.38542244,130.04739038542243
"Congo, Dem. Rep.",COD,2031,133371825.43147752,133.3718254314775
"Congo, Dem. Rep.",COD,2032,136657670.5232661,136.65767052326612
"Congo, Dem. Rep.",COD,2033,139905326.485968,139.905326485968
"Congo, Dem. Rep.",COD,2034,143115186.7848278,143.11518678482778
"Congo, Dem. Rep.",COD,2035,146287637.64009157,146.28763764009156
"Congo, Rep.",COG,2026,6630779.191918897,6.630779191918897
"Congo, Rep.",COG,2027,6771328.652940156,6.771328652940156
"Congo, Rep.",COG,2028,6905850.41865481,6.9058504186548095
"Congo, Rep.",COG,2029,7034141.943145557,7.034141943145557
"Congo, Rep.",COG,2030,7156004.941284865,7.156004941284865
"Congo, Rep.",COG,2031,7271243.33089371,7.27124333089371
"Congo, Rep.",COG,2032,7379663.05003532,7.379663050035321
"Congo, Rep.",COG,2033,7481072.009536158,7.481072009536159
"Congo, Rep.",COG,2034,7575280.055759371,7.575280055759372
"Congo, Rep.",COG,2035,7662098.934645801,7.662098934645801
Colombia,COL,2026,53956123.05994327,53.95612305994327
Colombia,COL,2027,54478912.94419263,54.478912944192636
Colombia,COL,2028,54993937.634280324,54.99393763428032
Colombia,COL,2029,55501048.65538032,55.50104865538032
Colombia,COL,2030,56000092.99684544,56.00009299684544
Colombia,COL,2031,56490918.61167307,56.490918611673074
Colombia,COL,2032,56973374.7866703,56.9733747866703
Colombia,COL,2033,57447312.1446026,57.4473121446026
Colombia,COL,2034,57912582.6202907,57.9125826202907
Colombia,COL,2035,58369039.43521048,58.36903943521048
Comoros,COM,2026,895056.8432504793,0.8950568432504793
Comoros,COM,2027,902758.512813925,0.902758512813925
Comoros,COM,2028,905705.8866315142,0.9057058866315142
Comoros,COM,2029,903673.3292128947,0.9036733292128947
Comoros,COM,2030,896438.9574975733,0.8964389574975733
Comoros,COM,2031,883783.3977980993,0.8837833977980993
Comoros,COM,2032,865489.656013216,0.865489656013216
Comoros,COM,2033,841343.0684391498,0.8413430684391497
Comoros,COM,2034,811131.258998765,0.811131258998765
Comoros,COM,2035,774644.0975504662,0.7746440975504661
Cabo Verde,CPV,2026,525897.8263072188,0.5258978263072187
Cabo Verde,CPV,2027,520105.8330996725,0.5201058330996725
Cabo Verde,CPV,2028,509702.33112249215,0.5097023311224922
Cabo Verde,CPV,2029,494459.1553045367,0.4944591553045367
Cabo Verde,CPV,2030,474151.86196214845,0.4741518619621485
Cabo Verde,CPV,2031,448558.5520136451,0.44855855201364514
Cabo Verde,CPV,2032,417459.74534159765,0.41745974534159763
Cabo Verde,CPV,2033,380638.33130130003,0.38063833130130004
Cabo Verde,CPV,2034,337879.5253370648,0.33787952533706483
Cabo Verde,CPV,2035,288970.82666555373,0.28897082666555374
Costa Rica,CRI,2026,5172057.993700126,5.172057993700126
Costa Rica,CRI,2027,5186833.8005476445,5.186833800547644
Costa Rica,CRI,2028,5197036.702343043,5.197036702343043
Costa Rica,CRI,2029,5202439.788409805,5.202439788409805
Costa Rica,CRI,2030,5202819.451877743,5.202819451877743
Costa Rica,CRI,2031,5197954.5936281085,5.197954593628109
Costa Rica,CRI,2032,5187626.524132563,5.187626524132563
Costa Rica,CRI,2033,5171618.9160644505,5.171618916064451
Costa Rica,CRI,2034,5149717.761193454,5.149717761193454
Costa Rica,CRI,2035,5121711.328214251,5.121711328214252
Cuba,CUB,2026,10891704.79487276,10.89170479487276
Cuba,CUB,2027,10843021.81508268,10.84302181508268
Cuba,CUB,2028,10790905.94476133,10.790905944761331
Cuba,CUB,2029,10735113.02462499,10.73511302462499
Cuba,CUB,2030,10675401.76395882,10.675401763958819
Cuba,CUB,2031,10611533.61642524,10.611533616425241
Cuba,CUB,2032,10543272.725826636,10.543272725826636
Cuba,CUB,2033,10470385.877609856,10.470385877609857
Cuba,CUB,2034,10392642.451488886,10.392642451488886
Cuba,CUB,2035,10309814.374842111,10.30981437484211
Curacao,CUW,2026,152619.61663821473,0.15261961663821474
Curacao,CUW,2027,144611.63592969766,0.14461163592969767
Curacao,CUW,2028,131995.60582513415,0.13199560582513414
Curacao,CUW,2029,114543.49294083362,0.11454349294083362
Curacao,CUW,2030,92030.6927550176,0.0920306927550176
Curacao,CUW,2031,64235.12664410967,0.06423512664410967
Curacao,CUW,2032,30937.1358726864,0.0309371358726864
Curacao,CUW,2033,-8080.566526802722,-0.008080566526802722
Curacao,CUW,2034,-53032.9390771091,-0.0530329390771091
Curacao,CUW,2035,-104132.65420575126,-0.10413265420575125
Cayman Islands,CYM,2026,73344.26935813687,0.07334426935813687
Cayman Islands,CYM,2027,66465.92071947851,0.06646592071947852
Cayman Islands,CYM,2028,54960.999464565655,0.05496099946456565
Cayman Islands,CYM,2029,38601.43030716397,0.038601430307163974
Cayman Islands,CYM,2030,17162.88263614988,0.01716288263614988
Cayman Islands,CYM,2031,-9576.430071221315,-0.009576430071221316
Cayman Islands,CYM,2032,-41835.8775629031,-0.0418358775629031
Cayman Islands,CYM,2033,-79832.46239089023,-0.07983246239089023
Cayman Islands,CYM,2034,-123780.86326867098,-0.12378086326867098
Cayman Islands,CYM,2035,-173893.4773540236,-0.1738934773540236
Cyprus,CYP,2026,1379230.7385403595,1.3792307385403595
Cyprus,CYP,2027,1383271.4058703259,1.383271405870326
Cyprus,CYP,2028,1382632.967480503,1.3826329674805031
Cyprus,CYP,2029,1377088.9344849237,1.3770889344849238
Cyprus,CYP,2030,1366416.3050132883,1.3664163050132883
Cyprus,CYP,2031,1350394.584858018,1.3503945848580179
Cyprus,CYP,2032,1328805.676347375,1.328805676347375
Cyprus,CYP,2033,1301433.8302214066,1.3014338302214066
Cyprus,CYP,2034,1268065.6026664688,1.2680656026664687
Cyprus,CYP,2035,1228489.8133434437,1.2284898133434436
Czechia,CZE,2026,10861504.156899778,10.861504156899779
Czechia,CZE,2027,10832407.359724786,10.832407359724787
Czechia,CZE,2028,10799614.057046037,10.799614057046037
Czechia,CZE,2029,10762903.719689162,10.762903719689163
Czechia,CZE,2030,10722040.601851795,10.722040601851795
Czechia,CZE,2031,10676790.341907058,10.676790341907058
Czechia,CZE,2032,10626921.110405928,10.626921110405927
Czechia,CZE,2033,10572203.648910498,10.572203648910499
Czechia,CZE,2034,10512411.229853004,10.512411229853004
Czechia,CZE,2035,10447319.611401362,10.447319611401362
Germany,DEU,2026,83449132.71253504,83.44913271253503
Germany,DEU,2027,83407046.05270396,83.40704605270396
Germany,DEU,2028,83365915.14090736,83.36591514090736
Germany,DEU,2029,83325529.37833343,83.32552937833343
Germany,DEU,2030,83285599.99420486,83.28559999420486
Germany,DEU,2031,83245836.01393506,83.24583601393506
Germany,DEU,2032,83205949.65621476,83.20594965621476
Germany,DEU,2033,83165656.66239776,83.16565666239775
Germany,DEU,2034,83124676.26283579,83.12467626283579
Germany,DEU,2035,83082731.1180505,83.0827311180505
Djibouti,DJI,2026,1195419.842368314,1.195419842368314
Djibouti,DJI,2027,1202282.9158457504,1.2022829158457504
Djibouti,DJI,2028,1204420.7497980222,1.2044207497980222
Djibouti,DJI,2029,1201607.4450951288,1.2016074450951288
Djibouti,DJI,2030,1193620.7238995638,1.1936207238995638
Djibouti,DJI,2031,1180240.8146340009,1.1802408146340009
Djibouti,DJI,2032,1161250.3312883275,1.1612503312883276
Djibouti,DJI,2033,1136434.224784472,1.136434224784472
Djibouti,DJI,2034,1105579.7401473182,1.1055797401473182
Djibouti,DJI,2035,1068476.3747130167,1.0684763747130166
Dominica,DMA,2026,61669.65440376778,0.06166965440376778
Dominica,DMA,2027,53109.91627197567,0.05310991627197567
Dominica,DMA,2028,39943.560281360464,0.039943560281360466
Dominica,DMA,2029,21942.16589721822,0.02194216589721822
Dominica,DMA,2030,-1118.9429201000603,-0.0011189429201000603
Dominica,DMA,2031,-29461.893044988974,-0.029461893044988974
Dominica,DMA,2032,-63306.38920542272,-0.06330638920542271
Dominica,DMA,2033,-102869.76362209371,-0.10286976362209371
Dominica,DMA,2034,-148367.01945035532,-0.14836701945035533
Dominica,DMA,2035,-200010.87314794795,-0.20001087314794794
Denmark,DNK,2026,6037606.096069591,6.037606096069591
Denmark,DNK,2027,6061668.079388401,6.061668079388401
Denmark,DNK,2028,6081098.594958149,6.081098594958149
Denmark,DNK,2029,6095670.833836863,6.095670833836863
Denmark,DNK,2030,6105162.402716106,6.105162402716106
Denmark,DNK,2031,6109353.477633998,6.109353477633998
Denmark,DNK,2032,6108026.630683729,6.10802663068373
Denmark,DNK,2033,6100966.777524505,6.100966777524505
Denmark,DNK,2034,6087961.134200867,6.087961134200867
Denmark,DNK,2035,6068799.175252271,6.068799175252271
Dominican Republic,DOM,2026,11608911.428660924,11.608911428660923
Dominican Republic,DOM,2027,11692543.125441989,11.69254312544199
Dominican Republic,DOM,2028,11771158.695400279,11.77115869540028
Dominican Republic,DOM,2029,11844541.538175989,11.844541538175989
Dominican Republic,DOM,2030,11912477.716134425,11.912477716134426
Dominican Republic,DOM,2031,11974755.61822007,11.97475561822007
Dominican Republic,DOM,2032,12031165.897052547,12.031165897052547
Dominican Republic,DOM,2033,12081501.426259138,12.081501426259138
Dominican Republic,DOM,2034,12125557.25986217,12.12555725986217
Dominican Republic,DOM,2035,12163130.592405653,12.163130592405652
Algeria,DZA,2026,48046021.02036397,48.04602102036397
Algeria,DZA,2027,48647658.82866728,48.64765882866728
Algeria,DZA,2028,49240188.55923489,49.24018855923489
Algeria,DZA,2029,49823483.81519061,49.82348381519061
Algeria,DZA,2030,50397412.760519624,50.39741276051962
Algeria,DZA,2031,50961844.13984899,50.96184413984899
Algeria,DZA,2032,51516647.69113131,51.51664769113131
Algeria,DZA,2033,52061694.15591161,52.06169415591161
Algeria,DZA,2034,52596855.26098971,52.59685526098971
Algeria,DZA,2035,53122003.698321536,53.122003698321535
Ecuador,ECU,2026,18439667.02193759,18.43966702193759
Ecuador,ECU,2027,18584329.899992906,18.584329899992905
Ecuador,ECU,2028,18723656.079710457,18.72365607971046
Ecuador,ECU,2029,18857435.818747915,18.857435818747916
Ecuador,ECU,2030,18985462.792913325,18.985462792913324
Ecuador,ECU,2031,19107532.95291862,19.107532952918618
Ecuador,ECU,2032,19223444.40525879,19.22344440525879
Ecuador,ECU,2033,19332997.36723026,19.33299736723026
Ecuador,ECU,2034,19435994.127847865,19.435994127847867
Ecuador,ECU,2035,19532239.009749826,19.532239009749826
"Egypt, Arab Rep.",EGY,2026,120163393.90926619,120.16339390926619
"Egypt, Arab Rep.",EGY,2027,121940888.7183778,121.94088871837779
"Egypt, Arab Rep.",EGY,2028,123699288.87850887,123.69928887850887
"Egypt, Arab Rep.",EGY,2029,125438710.72109644,125.43871072109644
"Egypt, Arab Rep.",EGY,2030,127159218.96806799,127.15921896806799
"Egypt, Arab Rep.",EGY,2031,128860872.83334707,128.86087283334706
"Egypt, Arab Rep.",EGY,2032,130543729.35972975,130.54372935972975
"Egypt, Arab Rep.",EGY,2033,132207843.6838363,132.2078436838363
"Egypt, Arab Rep.",EGY,2034,133853269.08000444,133.85326908000445
"Egypt, Arab Rep.",EGY,2035,135480056.98788932,135.48005698788933
Eritrea,ERI,2026,3674359.920702192,3.674359920702192
Eritrea,ERI,2027,3736735.5143100377,3.7367355143100376
Eritrea,ERI,2028,3793861.1250492237,3.7938611250492236
Eritrea,ERI,2029,3845518.371710288,3.8455183717102877
Eritrea,ERI,2030,3891494.626732643,3.8914946267326433
Eritrea,ERI,2031,3931579.779670745,3.931579779670745
Eritrea,ERI,2032,3965565.9664525017,3.965565966452502
Eritrea,ERI,2033,3993247.512254079,3.993247512254079
Eritrea,ERI,2034,4014420.890311043,4.014420890311043
Eritrea,ERI,2035,4028884.6824581274,4.028884682458127
Spain,ESP,2026,49855351.539121255,49.85535153912126
Spain,ESP,2027,50348160.836851254,50.34816083685126
Spain,ESP,2028,50833329.120564476,50.83332912056448
Spain,ESP,2029,51310692.35086404,51.31069235086404
Spain,ESP,2030,51780093.42959437,51.780093429594366
Spain,ESP,2031,52241377.08938716,52.241377089387164
Spain,ESP,2032,52694389.50107364,52.694389501073644
Spain,ESP,2033,53138978.220347464,53.13897822034746
Spain,ESP,2034,53574992.15918535,53.57499215918535
Spain,ESP,2035,54002281.559431076,54.002281559431076
Estonia,EST,2026,1356321.2670505526,1.3563212670505527
Estonia,EST,2027,1341923.2286326678,1.3419232286326679
Estonia,EST,2028,1323068.9218085615,1.3230689218085616
Estonia,EST,2029,1299530.440453806,1.299530440453806
Estonia,EST,2030,1271081.0900704395,1.2710810900704395
Estonia,EST,2031,1237496.577516059,1.237496577516059
Estonia,EST,2032,1198555.0547385595,1.1985550547385595
Estonia,EST,2033,1154037.0808608565,1.1540370808608564
Estonia,EST,2034,1103725.5790495342,1.1037255790495342
Estonia,EST,2035,1047405.7936465892,1.0474057936465893
Ethiopia,ETH,2026,138852339.0920415,138.8523390920415
Ethiopia,ETH,2027,142195527.3919231,142.1955273919231
Ethiopia,ETH,2028,145501611.96335593,145.50161196335594
Ethiopia,ETH,2029,148770948.51230657,148.77094851230657
Ethiopia,ETH,2030,152003912.0275105,152.0039120275105
Ethiopia,ETH,2031,155200872.43773305,155.20087243773307
Ethiopia,ETH,2032,158362192.9647023,158.3621929647023
Ethiopia,ETH,2033,161488230.10446674,161.48823010446674
Ethiopia,ETH,2034,164579333.7240859,164.5793337240859
Ethiopia,ETH,2035,167635847.16500533,167.63584716500532
Finland,FIN,2026,5668441.102242535,5.668441102242535
Finland,FIN,2027,5686068.040533105,5.6860680405331046
Finland,FIN,2028,5699115.23139698,5.69911523139698
Finland,FIN,2029,5707358.784758955,5.707358784758955
Finland,FIN,2030,5710575.517711019,5.710575517711019
Finland,FIN,2031,5708544.565839997,5.708544565839997
Finland,FIN,2032,5701047.458019538,5.701047458019538
Finland,FIN,2033,5687868.081489649,5.687868081489649
Finland,FIN,2034,5668792.639692326,5.6687926396923265
Finland,FIN,2035,5643609.610212544,5.643609610212544
Fiji,FJI,2026,933636.2679115315,0.9336362679115315
Fiji,FJI,2027,929755.8424499019,0.9297558424499018
Fiji,FJI,2028,921265.961871601,0.9212659618716009
Fiji,FJI,2029,907938.6150440327,0.9079386150440327
Fiji,FJI,2030,889549.4557108375,0.8895494557108375
Fiji,FJI,2031,865876.6772252745,0.8658766772252745
Fiji,FJI,2032,836700.8906296764,0.8367008906296765
Fiji,FJI,2033,801805.0754475556,0.8018050754475556
Fiji,FJI,2034,760974.5363366654,0.7609745363366653
Fiji,FJI,2035,713996.8607911053,0.7139968607911054
France,FRA,2026,68886465.94443455,68.88646594443455
France,FRA,2027,69050392.49232693,69.05039249232694
France,FRA,2028,69211913.5886834,69.2119135886834
France,FRA,2029,69370788.94944121,69.3707889494412
France,FRA,2030,69526778.25334223,69.52677825334223
France,FRA,2031,69679643.76652367,69.67964376652367
France,FRA,2032,69829150.48511422,69.82915048511421
France,FRA,2033,69975066.10029311,69.97506610029312
France,FRA,2034,70117160.95131421,70.1171609513142
France,FRA,2035,70255207.97837012,70.25520797837011
Faroe Islands,FRO,2026,51288.529618882225,0.05128852961888222
Faroe Islands,FRO,2027,43310.99718026718,0.04331099718026718
Faroe Islands,FRO,2028,30719.047940167307,0.030719047940167308
Faroe Islands,FRO,2029,13284.375237799773,0.013284375237799774
Faroe Islands,FRO,2030,-9217.567590293591,-0.009217567590293591
Faroe Islands,FRO,2031,-37008.77886881749,-0.03700877886881749
Faroe Islands,FRO,2032,-70308.83674384188,-0.07030883674384188
Faroe Islands,FRO,2033,-109334.94887291966,-0.10933494887291965
Faroe Islands,FRO,2034,-154301.99584020127,-0.15430199584020127
Faroe Islands,FRO,2035,-205422.57349223783,-0.20542257349223783
"Micronesia, Fed. Sts.",FSM,2026,110333.16920536704,0.11033316920536704
"Micronesia, Fed. Sts.",FSM,2027,102617.62369662337,0.10261762369662338
"Micronesia, Fed. Sts.",FSM,2028,90288.14117700112,0.09028814117700112
"Micronesia, Fed. Sts.",FSM,2029,73116.43419655273,0.07311643419655273
"Micronesia, Fed. Sts.",FSM,2030,50877.9670788885,0.050877967078888496
"Micronesia, Fed. Sts.",FSM,2031,23350.751806680404,0.023350751806680402
"Micronesia, Fed. Sts.",FSM,2032,-9684.779594916268,-0.009684779594916268
"Micronesia, Fed. Sts.",FSM,2033,-48445.82470766816,-0.04844582470766816
"Micronesia, Fed. Sts.",FSM,2034,-93147.25413080712,-0.09314725413080713
"Micronesia, Fed. Sts.",FSM,2035,-144001.6538148825,-0.1440016538148825
Gabon,GAB,2026,2642965.603614472,2.642965603614472
Gabon,GAB,2027,2687939.5527787195,2.6879395527787193
Gabon,GAB,2028,2727810.523042918,2.727810523042918
Gabon,GAB,2029,2762359.3772149985,2.7623593772149984
Gabon,GAB,2030,2791370.756602988,2.791370756602988
Gabon,GAB,2031,2814631.7192512667,2.814631719251267
Gabon,GAB,2032,2831931.6031720955,2.8319316031720954
Gabon,GAB,2033,2843061.978174809,2.8430619781748088
Gabon,GAB,2034,2847816.6046628747,2.847816604662875
Gabon,GAB,2035,2845991.393526053,2.8459913935260532
United Kingdom,GBR,2026,69651876.02296971,69.6518760229697
United Kingdom,GBR,2027,69811872.84181975,69.81187284181975
United Kingdom,GBR,2028,69969363.89374743,69.96936389374743
United Kingdom,GBR,2029,70124292.57355252,70.12429257355252
United Kingdom,GBR,2030,70276430.40188317,70.27643040188318
United Kingdom,GBR,2031,70425539.16721295,70.42553916721295
United Kingdom,GBR,2032,70571382.52513519,70.57138252513519
United Kingdom,GBR,2033,70713726.78592558,70.71372678592559
United Kingdom,GBR,2034,70852340.92629296,70.85234092629295
United Kingdom,GBR,2035,70986996.546119,70.986996546119
Georgia,GEO,2026,4055815.5157098076,4.055815515709807
Georgia,GEO,2027,4170361.0539077576,4.170361053907758
Georgia,GEO,2028,4279046.018646444,4.2790460186464445
Georgia,GEO,2029,4381655.809436005,4.381655809436005
Georgia,GEO,2030,4477988.006805453,4.477988006805454
Georgia,GEO,2031,4567843.012318876,4.567843012318876
Georgia,GEO,2032,4651023.340593981,4.651023340593981
Georgia,GEO,2033,4727333.53329766,4.72733353329766
Georgia,GEO,2034,4796580.118366833,4.796580118366832
Georgia,GEO,2035,4858571.573021375,4.858571573021375
Ghana,GHA,2026,35691806.53591327,35.69180653591327
Ghana,GHA,2027,36309424.39426115,36.30942439426115
Ghana,GHA,2028,36916970.459973946,36.916970459973946
Ghana,GHA,2029,37514321.8868434,37.5143218868434
Ghana,GHA,2030,38101358.93256062,38.10135893256062
Ghana,GHA,2031,38677962.84728995,38.67796284728995
Ghana,GHA,2032,39244015.70557073,39.244015705570725
Ghana,GHA,2033,39799400.378046215,39.799400378046215
Ghana,GHA,2034,40344000.51348202,40.34400051348202
Ghana,GHA,2035,40877700.521766186,40.87770052176619
Gibraltar,GIB,2026,37038.89931493206,0.03703889931493206
Gibraltar,GIB,2027,29577.989771974855,0.029577989771974855
Gibraltar,GIB,2028,17495.382119305374,0.017495382119305375
Gibraltar,GIB,2029,562.9160298104398,0.0005629160298104398
Gibraltar,GIB,2030,-21443.8335619407,-0.0214438335619407
Gibraltar,GIB,2031,-48746.74694244773,-0.04874674694244773
Gibraltar,GIB,2032,-81565.28622954525,-0.08156528622954524
Gibraltar,GIB,2033,-120116.5449227367,-0.12011654492273671
Gibraltar,GIB,2034,-164615.2912802623,-0.16461529128026228
Gibraltar,GIB,2035,-215274.01062461513,-0.21527401062461513
Guinea,GIN,2026,15437407.814547287,15.437407814547287
Guinea,GIN,2027,15767462.853360374,15.767462853360373
Guinea,GIN,2028,16089710.134471228,16.08971013447123
Guinea,GIN,2029,16403982.26223024,16.40398226223024
Guinea,GIN,2030,16710114.33151681,16.71011433151681
Guinea,GIN,2031,17007943.031513542,17.00794303151354
Guinea,GIN,2032,17297306.554298326,17.297306554298327
Guinea,GIN,2033,17578044.561662942,17.578044561662942
Guinea,GIN,2034,17849998.156528573,17.849998156528574
Guinea,GIN,2035,18113009.855099678,18.113009855099676
"Gambia, The",GMB,2026,2879774.2211554353,2.879774221155435
"Gambia, The",GMB,2027,2932511.784281045,2.9325117842810453
"Gambia, The",GMB,2028,2980065.715390428,2.980065715390428
"Gambia, The",GMB,2029,3022218.347398769,3.022218347398769
"Gambia, The",GMB,2030,3058755.7787108836,3.0587557787108834
"Gambia, The",GMB,2031,3089466.502282084,3.0894665022820837
"Gambia, The",GMB,2032,3114141.2685372895,3.1141412685372893
"Gambia, The",GMB,2033,3132573.037518759,3.1325730375187586
"Gambia, The",GMB,2034,3144556.938041498,3.144556938041498
"Gambia, The",GMB,2035,3149890.2279412067,3.149890227941207
Guinea-Bissau,GNB,2026,2293394.162385574,2.293394162385574
Guinea-Bissau,GNB,2027,2332463.786849824,2.3324637868498237
Guinea-Bissau,GNB,2028,2366481.149046818,2.366481149046818
Guinea-Bissau,GNB,2029,2395226.08859519,2.39522608859519
Guinea-Bissau,GNB,2030,2418482.2649810556,2.418482264981056
Guinea-Bissau,GNB,2031,2436035.7714749128,2.436035771474913
Guinea-Bissau,GNB,2032,2447674.9963860773,2.4476749963860773
Guinea-Bissau,GNB,2033,2453190.574523193,2.453190574523193
Guinea-Bissau,GNB,2034,2452375.345741794,2.452375345741794
Guinea-Bissau,GNB,2035,2445024.314599129,2.445024314599129
Equatorial Guinea,GNQ,2026,1980126.4105860032,1.9801264105860032
Equatorial Guinea,GNQ,2027,2017023.6180347602,2.0170236180347603
Equatorial Guinea,GNQ,2028,2048875.8876701663,2.0488758876701665
Equatorial Guinea,GNQ,2029,2075462.564165986,2.075462564165986
Equatorial Guinea,GNQ,2030,2096567.0675061548,2.0965670675061547
Equatorial Guinea,GNQ,2031,2111975.2727125906,2.1119752727125904
Equatorial Guinea,GNQ,2032,2121475.3542307983,2.1214753542307982
Equatorial Guinea,GNQ,2033,2124857.736130976,2.124857736130976
Equatorial Guinea,GNQ,2034,2121915.0505180694,2.1219150505180693
Equatorial Guinea,GNQ,2035,2112442.0971304113,2.1124420971304114
Greece,GRC,2026,10420207.148512078,10.420207148512079
Greece,GRC,2027,10422669.848874269,10.42266984887427
Greece,GRC,2028,10421045.647538647,10.421045647538648
Greece,GRC,2029,10415096.843724314,10.415096843724314
Greece,GRC,2030,10404592.947708445,10.404592947708444
Greece,GRC,2031,10389306.361025535,10.389306361025534
Greece,GRC,2032,10369012.023569053,10.369012023569052
Greece,GRC,2033,10343487.346283024,10.343487346283025
Greece,GRC,2034,10312512.165028688,10.312512165028688
Greece,GRC,2035,10275868.696624326,10.275868696624325
Grenada,GRD,2026,113529.65035892953,0.11352965035892953
Grenada,GRD,2027,105395.88090597384,0.10539588090597383
Grenada,GRD,2028,92653.51280838065,0.09265351280838065
Grenada,GRD,2029,75074.1763183847,0.07507417631838471
Grenada,GRD,2030,52433.24579240981,0.052433245792409815
Grenada,GRD,2031,24508.644036204787,0.024508644036204785
Grenada,GRD,2032,-8919.284725930542,-0.008919284725930541
Grenada,GRD,2033,-48067.82447991776,-0.04806782447991776
Grenada,GRD,2034,-93151.93085205578,-0.09315193085205578
Grenada,GRD,2035,-144384.2734650356,-0.1443842734650356
Greenland,GRL,2026,52958.109758759616,0.052958109758759614
Greenland,GRL,2027,44722.50959140767,0.044722509591407666
Greenland,GRL,2028,31875.77503666951,0.03187577503666951
Greenland,GRL,2029,14189.541936690977,0.014189541936690976
Greenland,GRL,2030,-8560.792153967777,-0.008560792153967777
Greenland,GRL,2031,-36597.280395024805,-0.03659728039502481
Greenland,GRL,2032,-70139.55488915229,-0.07013955488915229
Greenland,GRL,2033,-109404.87639019056,-0.10940487639019056
Greenland,GRL,2034,-154608.17773252085,-0.15460817773252086
Greenland,GRL,2035,-205962.10618064192,-0.20596210618064192
Guatemala,GTM,2026,18963389.66936295,18.96338966936295
Guatemala,GTM,2027,19232280.570664454,19.232280570664454
Guatemala,GTM,2028,19494339.567245312,19.494339567245312
Guatemala,GTM,2029,19749382.26742227,19.74938226742227
Guatemala,GTM,2030,19997228.09638324,19.99722809638324
Guatemala,GTM,2031,20237698.402631275,20.237698402631274
Guatemala,GTM,2032,20470616.29115924,20.47061629115924
Guatemala,GTM,2033,20695806.581126958,20.69580658112696
Guatemala,GTM,2034,20913095.77295587,20.913095772955867
Guatemala,GTM,2035,21122312.016567502,21.122312016567502
Guam,GUM,2026,166340.39587664057,0.16634039587664057
Guam,GUM,2027,159310.86114907142,0.15931086114907142
Guam,GUM,2028,147662.45485197287,0.14766245485197288
Guam,GUM,2029,131167.0058945499,0.13116700589454988
Guam,GUM,2030,109600.08164039016,0.10960008164039016
Guam,GUM,2031,82739.79470933403,0.08273979470933403
Guam,GUM,2032,50366.67616870132,0.05036667616870132
Guam,GUM,2033,12263.625965277432,0.012263625965277431
Guam,GUM,2034,-31784.13045638788,-0.03178413045638788
Guam,GUM,2035,-81989.0844631379,-0.0819890844631379
Guyana,GUY,2026,837016.3087076328,0.8370163087076328
Guyana,GUY,2027,833673.3432719002,0.8336733432719002
Guyana,GUY,2028,825708.3935812442,0.8257083935812441
Guyana,GUY,2029,812893.4847575693,0.8128934847575693
Guyana,GUY,2030,795004.4464321082,0.7950044464321082
Guyana,GUY,2031,771819.6550125438,0.7718196550125438
Guyana,GUY,2032,743119.9022944337,0.7431199022944337
Guyana,GUY,2033,708688.3456186712,0.7086883456186711
Guyana,GUY,2034,668310.4645236079,0.6683104645236079
Guyana,GUY,2035,621774.0184910126,0.6217740184910127
"Hong Kong SAR, China",HKG,2026,7469617.743391847,7.469617743391847
"Hong Kong SAR, China",HKG,2027,7436682.221982505,7.4366822219825055
"Hong Kong SAR, China",HKG,2028,7399900.956236032,7.399900956236032
"Hong Kong SAR, China",HKG,2029,7359039.367596462,7.359039367596463
"Hong Kong SAR, China",HKG,2030,7313862.345621119,7.31386234562112
"Hong Kong SAR, China",HKG,2031,7264137.188911594,7.264137188911595
"Hong Kong SAR, China",HKG,2032,7209633.772490311,7.209633772490311
"Hong Kong SAR, China",HKG,2033,7150124.516665059,7.150124516665059
"Hong Kong SAR, China",HKG,2034,7085384.342318107,7.0853843423181075
"Hong Kong SAR, China",HKG,2035,7015190.625891566,7.015190625891567
Honduras,HND,2026,11180648.738209158,11.180648738209158
Honduras,HND,2027,11349578.520041035,11.349578520041035
Honduras,HND,2028,11512416.718080366,11.512416718080367
Honduras,HND,2029,11668964.04800806,11.66896404800806
Honduras,HND,2030,11819024.801556792,11.819024801556791
Honduras,HND,2031,11962405.391868623,11.962405391868623
Honduras,HND,2032,12098914.214658072,12.098914214658071
Honduras,HND,2033,12228361.604420846,12.228361604420847
Honduras,HND,2034,12350559.798000423,12.350559798000424
Honduras,HND,2035,12465322.899205849,12.465322899205848
Croatia,HRV,2026,3882685.8210101263,3.882685821010126
Croatia,HRV,2027,3884938.7025315254,3.8849387025315254
Croatia,HRV,2028,3882693.457688395,3.882693457688395
Croatia,HRV,2029,3875719.855048184,3.875719855048184
Croatia,HRV,2030,3863792.509394824,3.863792509394824
Croatia,HRV,2031,3846688.6771547277,3.8466886771547277
Croatia,HRV,2032,3824188.056690032,3.824188056690032
Croatia,HRV,2033,3796072.733241363,3.796072733241363
Croatia,HRV,2034,3762127.1349025937,3.7621271349025935
Croatia,HRV,2035,3722137.990020276,3.722137990020276
Haiti,HTI,2026,12034807.319715537,12.034807319715537
Haiti,HTI,2027,12158266.620887738,12.158266620887737
Haiti,HTI,2028,12276247.173669662,12.276247173669661
Haiti,HTI,2029,12388539.82042752,12.38853982042752
Haiti,HTI,2030,12494938.64782088,12.49493864782088
Haiti,HTI,2031,12595239.992129887,12.595239992129887
Haiti,HTI,2032,12689242.330986176,12.689242330986175
Haiti,HTI,2033,12776746.239348354,12.776746239348354
Haiti,HTI,2034,12857554.350662403,12.857554350662403
Haiti,HTI,2035,12931471.31895589,12.931471318955891
Hungary,HUN,2026,9462413.265987175,9.462413265987175
Hungary,HUN,2027,9407301.662049402,9.407301662049402
Hungary,HUN,2028,9348740.820091425,9.348740820091425
Hungary,HUN,2029,9286491.552552316,9.286491552552317
Hungary,HUN,2030,9220312.67503504,9.220312675035041
Hungary,HUN,2031,9149965.400515556,9.149965400515557
Hungary,HUN,2032,9075213.609585881,9.075213609585882
Hungary,HUN,2033,8995823.8252187,8.9958238252187
Hungary,HUN,2034,8911565.167016197,8.911565167016198
Hungary,HUN,2035,8822209.304680377,8.822209304680378
Indonesia,IDN,2026,287937134.21980155,287.9371342198015
Indonesia,IDN,2027,290139036.6355959,290.1390366355959
Indonesia,IDN,2028,292327211.48216254,292.3272114821625
Indonesia,IDN,2029,294501700.1845434,294.5017001845434
Indonesia,IDN,2030,296662526.80459845,296.66252680459843
Indonesia,IDN,2031,298809713.09873956,298.80971309873956
Indonesia,IDN,2032,300943279.6137791,300.9432796137791
Indonesia,IDN,2033,303063245.779748,303.063245779748
Indonesia,IDN,2034,305169629.9304327,305.1696299304327
Indonesia,IDN,2035,307262449.3184856,307.2624493184856
Isle of Man,IMN,2026,80205.80048206414,0.08020580048206413
Isle of Man,IMN,2027,71932.76918158593,0.07193276918158593
Isle of Man,IMN,2028,59050.75492714229,0.05905075492714229
Isle of Man,IMN,2029,41331.386191758094,0.04133138619175809
Isle of Man,IMN,2030,18550.033462174237,0.018550033462174237
Isle of Man,IMN,2031,-9515.38445217826,-0.00951538445217826
Isle of Man,IMN,2032,-43084.52730942785,-0.043084527309427856
Isle of Man,IMN,2033,-82374.68305445882,-0.08237468305445882
Isle of Man,IMN,2034,-127600.81124888838,-0.1276008112488884
Isle of Man,IMN,2035,-178975.58542756992,-0.17897558542756992
India,IND,2026,1476732940.9512253,1476.7329409512254
India,IND,2027,1489530314.8281546,1489.5303148281546
India,IND,2028,1502258386.9054675,1502.2583869054674
India,IND,2029,1514918485.3272195,1514.9184853272195
India,IND,2030,1527511960.7243624,1527.5119607243623
India,IND,2031,1540040145.9302497,1540.0401459302498
India,IND,2032,1552504353.405171,1552.5043534051708
India,IND,2033,1564905875.3641353,1564.9058753641352
India,IND,2034,1577245984.0937612,1577.2459840937613
India,IND,2035,1589525932.2777805,1589.5259322777806
Ireland,IRL,2026,5568681.276281608,5.568681276281608
Ireland,IRL,2027,5647914.592197833,5.647914592197833
Ireland,IRL,2028,5721808.932733235,5.721808932733235
Ireland,IRL,2029,5790148.671947403,5.790148671947403
Ireland,IRL,2030,5852723.341533124,5.852723341533125
Ireland,IRL,2031,5909324.918326553,5.909324918326553
Ireland,IRL,2032,5959747.591686496,5.9597475916864955
Ireland,IRL,2033,6003787.7095817495,6.00378770958175
Ireland,IRL,2034,6041243.7380998945,6.041243738099895
Ireland,IRL,2035,6071916.222496565,6.071916222496565
"Iran, Islamic Rep.",IRN,2026,93251652.26375797,93.25165226375798
"Iran, Islamic Rep.",IRN,2027,94076226.06254838,94.07622606254839
"Iran, Islamic Rep.",IRN,2028,94891761.82706706,94.89176182706706
"Iran, Islamic Rep.",IRN,2029,95698173.48686276,95.69817348686276
"Iran, Islamic Rep.",IRN,2030,96495343.82528543,96.49534382528543
"Iran, Islamic Rep.",IRN,2031,97283154.22229353,97.28315422229353
"Iran, Islamic Rep.",IRN,2032,98061486.77343439,98.06148677343438
"Iran, Islamic Rep.",IRN,2033,98830224.42505623,98.83022442505623
"Iran, Islamic Rep.",IRN,2034,99589250.96729974,99.58925096729975
"Iran, Islamic Rep.",IRN,2035,100338451.01713118,100.33845101713118
Iraq,IRQ,2026,47987936.06742367,47.987936067423675
Iraq,IRQ,2027,48941839.637156114,48.941839637156114
Iraq,IRQ,2028,49882311.80257939,49.88231180257939
Iraq,IRQ,2029,50809286.45517285,50.80928645517285
Iraq,IRQ,2030,51722705.03293648,51.72270503293648
Iraq,IRQ,2031,52622509.38996965,52.62250938996965
Iraq,IRQ,2032,53508641.28250608,53.508641282506076
Iraq,IRQ,2033,54381042.330179036,54.381042330179035
Iraq,IRQ,2034,55239654.01143329,55.23965401143329
Iraq,IRQ,2035,56084417.661403745,56.08441766140375
Iceland,ISL,2026,394742.81568049174,0.39474281568049174
Iceland,ISL,2027,392689.47206517967,0.3926894720651797
Iceland,ISL,2028,385972.2567114336,0.3859722567114336
Iceland,ISL,2029,374362.1167264811,0.3743621167264811
Iceland,ISL,2030,357635.36878704786,0.3576353687870479
Iceland,ISL,2031,335570.9792928969,0.3355709792928969
Iceland,ISL,2032,307950.3281164557,0.3079503281164557
Iceland,ISL,2033,274557.1513782539,0.27455715137825387
Iceland,ISL,2034,235177.49771591194,0.23517749771591195
Iceland,ISL,2035,189599.6861472634,0.18959968614726339
Israel,ISR,2026,10236421.232553422,10.236421232553422
Israel,ISR,2027,10344704.94969723,10.34470494969723
Israel,ISR,2028,10447572.240326753,10.447572240326753
Israel,ISR,2029,10544822.763665736,10.544822763665735
Israel,ISR,2030,10636249.53705955,10.63624953705955
Israel,ISR,2031,10721647.14256644,10.721647142566441
Israel,ISR,2032,10800812.279136537,10.800812279136537
Israel,ISR,2033,10873543.765612919,10.873543765612919
Israel,ISR,2034,10939642.504866233,10.939642504866233
Israel,ISR,2035,10998911.445705673,10.998911445705673
Italy,ITA,2026,58878207.132387996,58.878207132388
Italy,ITA,2027,58840461.15015896,58.84046115015896
Italy,ITA,2028,58802163.698705256,58.80216369870526
Italy,ITA,2029,58763037.90857841,58.76303790857841
Italy,ITA,2030,58722808.44292951,58.722808442929505
Italy,ITA,2031,58681203.1696406,58.681203169640604
Italy,ITA,2032,58637953.22726412,58.63795322726412
Italy,ITA,2033,58592792.976461545,58.592792976461546
Italy,ITA,2034,58545459.94406563,58.545459944065634
Italy,ITA,2035,58495694.76744619,58.49569476744619
Jamaica,JAM,2026,2831190.2647428093,2.8311902647428093
Jamaica,JAM,2027,2821131.7455428448,2.8211317455428446
Jamaica,JAM,2028,2806658.648415433,2.8066586484154326
Jamaica,JAM,2029,2787540.6574801845,2.7875406574801844
Jamaica,JAM,2030,2763550.71449218,2.76355071449218
Jamaica,JAM,2031,2734464.3141423357,2.7344643141423357
Jamaica,JAM,2032,2700059.411659132,2.700059411659132
Jamaica,JAM,2033,2660116.375047989,2.660116375047989
Jamaica,JAM,2034,2614417.941186079,2.614417941186079
Jamaica,JAM,2035,2562749.172832882,2.562749172832882
Jordan,JOR,2026,11475314.954605754,11.475314954605755
Jordan,JOR,2027,11426066.01594772,11.42606601594772
Jordan,JOR,2028,11373375.413641473,11.373375413641472
Jordan,JOR,2029,11317047.74125517,11.31704774125517
Jordan,JOR,2030,11256844.676216304,11.256844676216303
Jordan,JOR,2031,11192527.36104308,11.19252736104308
Jordan,JOR,2032,11123859.40183912,11.12385940183912
Jordan,JOR,2033,11050607.038911678,11.050607038911679
Jordan,JOR,2034,10972539.114990653,10.972539114990653
Jordan,JOR,2035,10889427.029607218,10.889427029607218
Japan,JPN,2026,122763634.48572002,122.76363448572002
Japan,JPN,2027,122170881.58330165,122.17088158330165
Japan,JPN,2028,121588400.13674365,121.58840013674364
Japan,JPN,2029,121015769.98734507,121.01576998734507
Japan,JPN,2030,120452551.90165728,120.45255190165729
Japan,JPN,2031,119898310.88438825,119.89831088438825
Japan,JPN,2032,119352617.75805315,119.35261775805316
Japan,JPN,2033,118815049.18319106,118.81504918319106
Japan,JPN,2034,118285187.56807245,118.28518756807246
Japan,JPN,2035,117762620.9719398,117.7626209719398
Kazakhstan,KAZ,2026,21088597.27863009,21.08859727863009
Kazakhstan,KAZ,2027,21327275.70020273,21.32727570020273
Kazakhstan,KAZ,2028,21559623.445025414,21.559623445025416
Kazakhstan,KAZ,2029,21785452.060861133,21.785452060861132
Kazakhstan,KAZ,2030,22004573.272594966,22.004573272594968
Kazakhstan,KAZ,2031,22216800.58720593,22.21680058720593
Kazakhstan,KAZ,2032,22421949.376271848,22.421949376271847
Kazakhstan,KAZ,2033,22619836.84964025,22.61983684964025
Kazakhstan,KAZ,2034,22810282.021788783,22.810282021788783
Kazakhstan,KAZ,2035,22993105.67815849,22.993105678158493
Kenya,KEN,2026,58619304.46683104,58.619304466831046
Kenya,KEN,2027,59692023.801177844,59.69202380117785
Kenya,KEN,2028,60750516.37636301,60.75051637636301
Kenya,KEN,2029,61794734.818829596,61.794734818829596
Kenya,KEN,2030,62824637.65473579,62.82463765473579
Kenya,KEN,2031,63840183.46903534,63.840183469035345
Kenya,KEN,2032,64841330.48806104,64.84133048806105
Kenya,KEN,2033,65828036.551593035,65.82803655159303
Kenya,KEN,2034,66800259.112853214,66.80025911285321
Kenya,KEN,2035,67757955.240458,67.757955240458
Kyrgyz Republic,KGZ,2026,7459359.177381625,7.459359177381625
Kyrgyz Republic,KGZ,2027,7570271.417938893,7.570271417938892
Kyrgyz Republic,KGZ,2028,7675571.865068436,7.675571865068435
Kyrgyz Republic,KGZ,2029,7775051.926222442,7.775051926222441
Kyrgyz Republic,KGZ,2030,7868506.50080554,7.86850650080554
Kyrgyz Republic,KGZ,2031,7955732.738394642,7.955732738394643
Kyrgyz Republic,KGZ,2032,8036529.912982527,8.036529912982527
Kyrgyz Republic,KGZ,2033,8110699.37795374,8.11069937795374
Kyrgyz Republic,KGZ,2034,8178044.52742542,8.178044527425419
Kyrgyz Republic,KGZ,2035,8238370.758602498,8.238370758602498
Cambodia,KHM,2026,18051523.76447336,18.05152376447336
Cambodia,KHM,2027,18249247.132835533,18.249247132835535
Cambodia,KHM,2028,18440954.804915003,18.440954804915002
Cambodia,KHM,2029,18626450.107320543,18.626450107320544
Cambodia,KHM,2030,18805538.305951208,18.80553830595121
Cambodia,KHM,2031,18978026.665469978,18.97802666546998
Cambodia,KHM,2032,19143724.419327695,19.143724419327693
Cambodia,KHM,2033,19302442.73390092,19.302442733900918
Cambodia,KHM,2034,19453994.672736764,19.453994672736766
Cambodia,KHM,2035,19598195.161326468,19.59819516132647
Kiribati,KIR,2026,134569.11092882766,0.13456911092882767
Kiribati,KIR,2027,128268.35792386357,0.12826835792386357
Kiribati,KIR,2028,117337.78020253131,0.11733778020253131
Kiribati,KIR,2029,101549.37290120288,0.10154937290120288
Kiribati,KIR,2030,80678.88026985183,0.08067888026985183
Kiribati,KIR,2031,54504.58992100344,0.05450458992100344
Kiribati,KIR,2032,22807.20516247698,0.02280720516247698
Kiribati,KIR,2033,-14630.204589877976,-0.014630204589877975
Kiribati,KIR,2034,-58022.247153542936,-0.058022247153542934
Kiribati,KIR,2035,-107581.2498445427,-0.1075812498445427
St. Kitts and Nevis,KNA,2026,43129.439030575624,0.043129439030575624
St. Kitts and Nevis,KNA,2027,34972.41188962973,0.03497241188962973
St. Kitts and Nevis,KNA,2028,22202.654665315058,0.02220265466531506
St. Kitts and Nevis,KNA,2029,4591.837398467294,0.004591837398467294
St. Kitts and Nevis,KNA,2030,-18084.61760402436,-0.01808461760402436
St. Kitts and Nevis,KNA,2031,-46048.73979345895,-0.046048739793458957
St. Kitts and Nevis,KNA,2032,-79520.13799860817,-0.07952013799860817
St. Kitts and Nevis,KNA,2033,-118716.0500843568,-0.1187160500843568
St. Kitts and Nevis,KNA,2034,-163851.38637180417,-0.16385138637180416
St. Kitts and Nevis,KNA,2035,-215138.77198155678,-0.2151387719815568
"Korea, Rep.",KOR,2026,51610526.36336674,51.61052636336674
"Korea, Rep.",KOR,2027,51535681.12959315,51.53568112959315
"Korea, Rep.",KOR,2028,51460247.60038923,51.46024760038923
"Korea, Rep.",KOR,2029,51383980.75964703,51.383980759647024
"Korea, Rep.",KOR,2030,51306605.41878322,51.30660541878322
"Korea, Rep.",KOR,2031,51227847.34297231,51.22784734297231
"Korea, Rep.",KOR,2032,51147435.43211855,51.14743543211855
"Korea, Rep.",KOR,2033,51065101.82375355,51.06510182375355
"Korea, Rep.",KOR,2034,50980581.847534224,50.980581847534225
"Korea, Rep.",KOR,2035,50893613.96992265,50.89361396992265
Kuwait,KWT,2026,4824733.56472618,4.824733564726181
Kuwait,KWT,2027,4780170.53200342,4.78017053200342
Kuwait,KWT,2028,4731715.635966121,4.731715635966121
Kuwait,KWT,2029,4679155.370547572,4.679155370547572
Kuwait,KWT,2030,4622255.724593844,4.6222557245938445
Kuwait,KWT,2031,4560783.665186299,4.560783665186299
Kuwait,KWT,2032,4494508.636721078,4.494508636721078
Kuwait,KWT,2033,4423202.625350021,4.4232026253500205
Kuwait,KWT,2034,4346640.121064628,4.3466401210646275
Kuwait,KWT,2035,4264598.0731007755,4.2645980731007755
Lao PDR,LAO,2026,7971561.352238213,7.971561352238212
Lao PDR,LAO,2027,8064941.174912065,8.064941174912065
Lao PDR,LAO,2028,8152956.878699461,8.152956878699461
Lao PDR,LAO,2029,8235396.037987417,8.235396037987417
Lao PDR,LAO,2030,8312049.486492023,8.312049486492024
Lao PDR,LAO,2031,8382710.35226682,8.38271035226682
Lao PDR,LAO,2032,8447173.950838562,8.447173950838563
Lao PDR,LAO,2033,8505237.74056833,8.505237740568331
Lao PDR,LAO,2034,8556701.28306406,8.55670128306406
Lao PDR,LAO,2035,8601366.204528581,8.601366204528581
Lebanon,LBN,2026,5889629.254391241,5.889629254391241
Lebanon,LBN,2027,5925353.340262293,5.925353340262293
Lebanon,LBN,2028,5956296.401121944,5.956296401121945
Lebanon,LBN,2029,5982231.143869191,5.982231143869192
Lebanon,LBN,2030,6002937.526451562,6.002937526451562
Lebanon,LBN,2031,6018198.2416813,6.0181982416813
Lebanon,LBN,2032,6027798.3528026175,6.027798352802617
Lebanon,LBN,2033,6031525.227883633,6.031525227883633
Lebanon,LBN,2034,6029168.49629299,6.02916849629299
Lebanon,LBN,2035,6020520.007374636,6.020520007374636
Liberia,LBR,2026,5844598.60204331,5.84459860204331
Liberia,LBR,2027,5952540.533899693,5.952540533899692
Liberia,LBR,2028,6054805.51799521,6.05480551799521
Liberia,LBR,2029,6151185.715385148,6.151185715385148
Liberia,LBR,2030,6241476.637181198,6.241476637181198
Liberia,LBR,2031,6325476.023856465,6.3254760238564645
Liberia,LBR,2032,6402983.72835156,6.40298372835156
Liberia,LBR,2033,6473801.671850114,6.473801671850114
Liberia,LBR,2034,6537733.805337432,6.537733805337432
Liberia,LBR,2035,6594586.072129136,6.594586072129136
Libya,LBY,2026,7531913.304589346,7.531913304589346
Libya,LBY,2027,7600437.336911397,7.600437336911397
Libya,LBY,2028,7663876.808677241,7.663876808677241
Libya,LBY,2029,7722013.11137964,7.72201311137964
Libya,LBY,2030,7774632.083398317,7.774632083398317
Libya,LBY,2031,7821522.014696619,7.821522014696619
Libya,LBY,2032,7862473.464785039,7.862473464785039
Libya,LBY,2033,7897279.211530268,7.897279211530268
Libya,LBY,2034,7925734.209962818,7.925734209962818
Libya,LBY,2035,7947635.552393839,7.947635552393839
St. Lucia,LCA,2026,176683.07007075334,0.17668307007075335
St. Lucia,LCA,2027,168856.76646342396,0.16885676646342396
St. Lucia,LCA,2028,156422.04313553445,0.15642204313553446
St. Lucia,LCA,2029,139150.55566550943,0.13915055566550943
St. Lucia,LCA,2030,116817.69583424903,0.11681769583424903
St. Lucia,LCA,2031,89201.40312440804,0.08920140312440804
St. Lucia,LCA,2032,56082.03820665303,0.05608203820665303
St. Lucia,LCA,2033,17242.333351171692,0.01724233335117169
St. Lucia,LCA,2034,-27532.650996492477,-0.027532650996492478
St. Lucia,LCA,2035,-78455.56856797682,-0.07845556856797682
Liechtenstein,LIE,2026,37718.7104183411,0.0377187104183411
Liechtenstein,LIE,2027,30042.497418773477,0.030042497418773476
Liechtenstein,LIE,2028,17747.289463083318,0.017747289463083318
Liechtenstein,LIE,2029,604.8698538572062,0.0006048698538572061
Liechtenstein,LIE,2030,-21609.233111250214,-0.021609233111250216
Liechtenstein,LIE,2031,-49116.94497809897,-0.049116944978098966
Liechtenstein,LIE,2032,-82137.77235750237,-0.08213777235750237
Liechtenstein,LIE,2033,-120888.85253030923,-0.12088885253030923
Liechtenstein,LIE,2034,-165584.99683907907,-0.16558499683907907
Liechtenstein,LIE,2035,-216438.73300515127,-0.21643873300515126
Sri Lanka,LKA,2026,21592467.268312052,21.592467268312053
Sri Lanka,LKA,2027,21427685.746727575,21.427685746727576
Sri Lanka,LKA,2028,21261559.23901312,21.26155923901312
Sri Lanka,LKA,2029,21093823.740251746,21.093823740251747
Sri Lanka,LKA,2030,20924206.27851222,20.92420627851222
Sri Lanka,LKA,2031,20752436.26922477,20.75243626922477
Sri Lanka,LKA,2032,20578246.277399972,20.578246277399973
Sri Lanka,LKA,2033,20401372.019931037,20.40137201993104
Sri Lanka,LKA,2034,20221552.31414925,20.22155231414925
Sri Lanka,LKA,2035,20038529.02333839,20.038529023338388
Lesotho,LSO,2026,2385191.2132500843,2.385191213250084
Lesotho,LSO,2027,2402523.518476669,2.402523518476669
Lesotho,LSO,2028,2415076.7147894413,2.4150767147894414
Lesotho,LSO,2029,2422626.077653487,2.4226260776534874
Lesotho,LSO,2030,2424950.6223874744,2.4249506223874744
Lesotho,LSO,2031,2421831.8611360053,2.4218318611360052
Lesotho,LSO,2032,2413053.673280577,2.413053673280577
Lesotho,LSO,2033,2398402.256457646,2.3984022564576457
Lesotho,LSO,2034,2377666.083992114,2.3776660839921138
Lesotho,LSO,2035,2350635.8634073464,2.3506358634073465
Lithuania,LTU,2026,2884411.058395102,2.884411058395102
Lithuania,LTU,2027,2875786.0343204946,2.8757860343204946
Lithuania,LTU,2028,2862726.7634262647,2.8627267634262648
Lithuania,LTU,2029,2845008.2482324713,2.8450082482324714
Lithuania,LTU,2030,2822404.054177611,2.822404054177611
Lithuania,LTU,2031,2794689.9586574067,2.7946899586574068
Lithuania,LTU,2032,2761644.171388034,2.761644171388034
Lithuania,LTU,2033,2723047.309169882,2.723047309169882
Lithuania,LTU,2034,2678682.3536599963,2.678682353659996
Lithuania,LTU,2035,2628334.608562016,2.628334608562016
Luxembourg,LUX,2026,692936.5719178311,0.6929365719178311
Luxembourg,LUX,2027,694456.0910908466,0.6944560910908466
Luxembourg,LUX,2028,691284.4509833644,0.6912844509833643
Luxembourg,LUX,2029,683195.0771319829,0.6831950771319829
Luxembourg,LUX,2030,669964.9523360167,0.6699649523360167
Luxembourg,LUX,2031,651373.5715068372,0.6513735715068372
Luxembourg,LUX,2032,627202.8258219444,0.6272028258219444
Luxembourg,LUX,2033,597236.9542686124,0.5972369542686125
Luxembourg,LUX,2034,561262.5006610649,0.5612625006610649
Luxembourg,LUX,2035,519068.27167384943,0.5190682716738494
Latvia,LVA,2026,1825837.9972766715,1.8258379972766714
Latvia,LVA,2027,1799857.6851430573,1.7998576851430572
Latvia,LVA,2028,1769595.7530523636,1.7695957530523636
Latvia,LVA,2029,1734819.0458885883,1.7348190458885884
Latvia,LVA,2030,1695297.8962730705,1.6952978962730705
Latvia,LVA,2031,1650805.2434781985,1.6508052434781986
Latvia,LVA,2032,1601116.5277514486,1.6011165277514485
Latvia,LVA,2033,1546009.6410019235,1.5460096410019235
Latvia,LVA,2034,1485264.8821941204,1.4852648821941203
Latvia,LVA,2035,1418664.9137281422,1.4186649137281422
"Macao SAR, China",MAC,2026,680320.0091809502,0.6803200091809503
"Macao SAR, China",MAC,2027,670390.1100546763,0.6703901100546763
"Macao SAR, China",MAC,2028,655905.9595449041,0.655905959544904
"Macao SAR, China",MAC,2029,636641.5718688208,0.6366415718688209
"Macao SAR, China",MAC,2030,612371.740925591,0.612371740925591
"Macao SAR, China",MAC,2031,582873.6087242318,0.5828736087242319
"Macao SAR, China",MAC,2032,547926.7366761974,0.5479267366761974
"Macao SAR, China",MAC,2033,507313.0700120521,0.5073130700120521
"Macao SAR, China",MAC,2034,460816.8951645472,0.4608168951645472
"Macao SAR, China",MAC,2035,408224.79727862985,0.40822479727862987
St. Martin (French part),MAF,2026,19909.169680411636,0.019909169680411638
St. Martin (French part),MAF,2027,10527.709572388325,0.010527709572388326
St. Martin (French part),MAF,2028,-3452.800669219927,-0.003452800669219927
St. Martin (French part),MAF,2029,-22261.000744573656,-0.022261000744573656
St. Martin (French part),MAF,2030,-46121.71369200491,-0.046121713692004906
St. Martin (French part),MAF,2031,-75257.206157709,-0.075257206157709
St. Martin (French part),MAF,2032,-109887.32011218334,-0.10988732011218334
St. Martin (French part),MAF,2033,-150229.52285963343,-0.15022952285963342
St. Martin (French part),MAF,2034,-196498.95053884888,-0.1964989505388489
St. Martin (French part),MAF,2035,-248908.45052697975,-0.24890845052697974
Morocco,MAR,2026,38773372.00965969,38.773372009659695
Morocco,MAR,2027,39109673.00913261,39.10967300913261
Morocco,MAR,2028,39439551.26415706,39.43955126415705
Morocco,MAR,2029,39762828.20038374,39.76282820038374
Morocco,MAR,2030,40079322.87590255,40.07932287590255
Morocco,MAR,2031,40388855.861846775,40.38885586184678
Morocco,MAR,2032,40691249.4898199,40.691249489819896
Morocco,MAR,2033,40986327.83886683,40.98632783886683
Morocco,MAR,2034,41273916.70422129,41.27391670422129
Morocco,MAR,2035,41553843.56521951,41.55384356521951
Monaco,MCO,2026,34186.08194861276,0.03418608194861276
Monaco,MCO,2027,25670.806129525532,0.025670806129525534
Monaco,MCO,2028,12546.660772838863,0.012546660772838862
Monaco,MCO,2029,-5414.766665004776,-0.005414766665004776
Monaco,MCO,2030,-28438.123569369898,-0.028438123569369898
Monaco,MCO,2031,-56745.50715285656,-0.05674550715285656
Monaco,MCO,2032,-90556.59287823329,-0.0905565928782333
Monaco,MCO,2033,-130088.68419091369,-0.13008868419091368
Monaco,MCO,2034,-175556.75596021686,-0.17555675596021686
Monaco,MCO,2035,-227173.49683977838,-0.2271734968397784
Moldova,MDA,2026,2316464.064407426,2.316464064407426
Moldova,MDA,2027,2268744.2422128078,2.268744242212808
Moldova,MDA,2028,2217046.412082257,2.217046412082257
Moldova,MDA,2029,2161127.517639568,2.161127517639568
Moldova,MDA,2030,2100752.5835120855,2.1007525835120853
Moldova,MDA,2031,2035689.6445650072,2.0356896445650072
Moldova,MDA,2032,1965709.3381129338,1.9657093381129338
Moldova,MDA,2033,1890584.8317309807,1.8905848317309806
Moldova,MDA,2034,1810091.7758478774,1.8100917758478774
Moldova,MDA,2035,1724008.2587860834,1.7240082587860834
Madagascar,MDG,2026,33506009.464413445,33.506009464413445
Madagascar,MDG,2027,34259639.25043869,34.25963925043869
Madagascar,MDG,2028,35001389.74649592,35.00138974649592
Madagascar,MDG,2029,35731165.09287943,35.73116509287943
Madagascar,MDG,2030,36448875.6301333,36.4488756301333
Madagascar,MDG,2031,37154432.46341659,37.15443246341659
Madagascar,MDG,2032,37847747.062961906,37.84774706296191
Madagascar,MDG,2033,38528731.22637513,38.528731226375136
Madagascar,MDG,2034,39197297.06705411,39.19729706705411
Madagascar,MDG,2035,39853357.00461139,39.85335700461139
Maldives,MDV,2026,527694.517157744,0.5276945171577441
Maldives,MDV,2027,521356.9966733143,0.5213569966733143
Maldives,MDV,2028,510414.85429449467,0.5104148542944946
Maldives,MDV,2029,494639.7509666647,0.4946397509666647
Maldives,MDV,2030,473807.1225565516,0.4738071225565516
Maldives,MDV,2031,447694.95509771665,0.4476949550977167
Maldives,MDV,2032,416083.6556795837,0.4160836556795837
Maldives,MDV,2033,378756.00267894124,0.3787560026789412
Maldives,MDV,2034,335497.10232928314,0.33549710232928315
Maldives,MDV,2035,286094.34637414233,0.2860943463741423
Mexico,MEX,2026,133021650.88780217,133.02165088780217
Mexico,MEX,2027,134086904.91530174,134.08690491530174
Mexico,MEX,2028,135142687.06673923,135.14268706673923
Mexico,MEX,2029,136188906.55341744,136.18890655341744
Mexico,MEX,2030,137225464.85816318,137.22546485816318
Mexico,MEX,2031,138252263.48238707,138.25226348238706
Mexico,MEX,2032,139269204.48965517,139.26920448965518
Mexico,MEX,2033,140276190.53207675,140.27619053207675
Mexico,MEX,2034,141273124.8397373,141.2731248397373
Mexico,MEX,2035,142259911.2076651,142.25991120766508
Marshall Islands,MHL,2026,31160.60418089718,0.031160604180897177
Marshall Islands,MHL,2027,21690.44312161306,0.02169044312161306
Marshall Islands,MHL,2028,7622.963096431689,0.007622963096431689
Marshall Islands,MHL,2029,-11270.43906997086,-0.01127043906997086
Marshall Islands,MHL,2030,-35214.609089642414,-0.03521460908964241
Marshall Islands,MHL,2031,-64431.84011958935,-0.06443184011958936
Marshall Islands,MHL,2032,-99142.00050867186,-0.09914200050867186
Marshall Islands,MHL,2033,-139562.58352849132,-0.13956258352849132
Marshall Islands,MHL,2034,-185908.75086074334,-0.18590875086074335
Marshall Islands,MHL,2035,-238393.37500639865,-0.23839337500639865
North Macedonia,MKD,2026,1813732.4354355251,1.813732435435525
North Macedonia,MKD,2027,1802343.9023286286,1.8023439023286285
North Macedonia,MKD,2028,1786493.7297649882,1.786493729764988
North Macedonia,MKD,2029,1765951.5738517242,1.7659515738517242
North Macedonia,MKD,2030,1740490.8317296486,1.7404908317296486
North Macedonia,MKD,2031,1709887.479815437,1.709887479815437
North Macedonia,MKD,2032,1673919.9487078553,1.6739199487078553
North Macedonia,MKD,2033,1632369.0732085952,1.6323690732085951
North Macedonia,MKD,2034,1585018.048385382,1.585018048385382
North Macedonia,MKD,2035,1531652.3867058132,1.5316523867058132
Mali,MLI,2026,25909141.17003278,25.90914117003278
Mali,MLI,2027,26607981.979617275,26.607981979617275
Mali,MLI,2028,27295141.45429104,27.295141454291038
Mali,MLI,2029,27970516.546886303,27.9705165468863
Mali,MLI,2030,28634011.722456507,28.634011722456506
Mali,MLI,2031,29285532.38197023,29.28553238197023
Mali,MLI,2032,29924984.3795573,29.9249843795573
Mali,MLI,2033,30552273.97756691,30.55227397756691
Mali,MLI,2034,31167307.83322144,31.16730783322144
Mali,MLI,2035,31769992.987687808,31.769992987687807
Malta,MLT,2026,586225.343165066,0.586225343165066
Malta,MLT,2027,588262.6180116422,0.5882626180116423
Malta,MLT,2028,585593.9651848577,0.5855939651848577
Malta,MLT,2029,577994.587201698,0.5779945872016979
Malta,MLT,2030,565241.7706390845,0.5652417706390845
Malta,MLT,2031,547115.2054571949,0.5471152054571949
Malta,MLT,2032,523396.9672015009,0.5233969672015009
Malta,MLT,2033,493871.4756347782,0.49387147563477823
Malta,MLT,2034,458325.45230888354,0.45832545230888355
Malta,MLT,2035,416547.87868271593,0.4165478786827159
Myanmar,MMR,2026,55195394.16218895,55.19539416218895
Myanmar,MMR,2027,55534857.42992534,55.53485742992534
Myanmar,MMR,2028,55868892.78936851,55.86889278936851
Myanmar,MMR,2029,56197308.838322416,56.197308838322414
Myanmar,MMR,2030,56519912.75299519,56.51991275299519
Myanmar,MMR,2031,56836513.48276281,56.83651348276281
Myanmar,MMR,2032,57146921.945281684,57.14692194528168
Myanmar,MMR,2033,57450951.00669725,57.45095100669725
Myanmar,MMR,2034,57748415.44694941,57.74841544694941
Myanmar,MMR,2035,58039131.924530655,58.03913192453066
Montenegro,MNE,2026,618873.1499144053,0.6188731499144053
Montenegro,MNE,2027,610292.5945683823,0.6102925945683823
Montenegro,MNE,2028,597140.5786491141,0.5971405786491141
Montenegro,MNE,2029,579188.3831814381,0.5791883831814381
Montenegro,MNE,2030,556210.9137014619,0.5562109137014618
Montenegro,MNE,2031,527985.6232130692,0.5279856232130692
Montenegro,MNE,2032,494292.3935546451,0.4942923935546451
Montenegro,MNE,2033,454913.48625385924,0.45491348625385924
Montenegro,MNE,2034,409633.49901460327,0.4096334990146033
Montenegro,MNE,2035,358239.32323929545,0.35823932323929547
Mongolia,MNG,2026,3609034.9587090854,3.6090349587090853
Mongolia,MNG,2027,3644413.7573828427,3.644413757382843
Mongolia,MNG,2028,3674868.5707422737,3.674868570742274
Mongolia,MNG,2029,3700177.338032958,3.700177338032958
Mongolia,MNG,2030,3720121.9327206695,3.7201219327206694
Mongolia,MNG,2031,3734486.697941635,3.7344866979416347
Mongolia,MNG,2032,3743058.3016768727,3.743058301676873
Mongolia,MNG,2033,3745625.6873388505,3.7456256873388503
Mongolia,MNG,2034,3741980.031826219,3.741980031826219
Mongolia,MNG,2035,3731914.704720154,3.731914704720154
Northern Mariana Islands,MNP,2026,38951.1133373091,0.0389511133373091
Northern Mariana Islands,MNP,2027,30006.993316492764,0.030006993316492765
Northern Mariana Islands,MNP,2028,16459.613822741027,0.016459613822741026
Northern Mariana Islands,MNP,2029,-1919.563276166562,-0.001919563276166562
Northern Mariana Islands,MNP,2030,-25355.28161619883,-0.025355281616198832
Northern Mariana Islands,MNP,2031,-54069.73116009426,-0.05406973116009426
Northern Mariana Islands,MNP,2032,-88282.67849867034,-0.08828267849867034
Northern Mariana Islands,MNP,2033,-128211.51674048172,-0.12821151674048173
Northern Mariana Islands,MNP,2034,-174071.30898627976,-0.17407130898627976
Northern Mariana Islands,MNP,2035,-226074.83071336325,-0.22607483071336326
Mozambique,MOZ,2026,36618502.78325863,36.618502783258634
Mozambique,MOZ,2027,37591102.16159575,37.59110216159575
Mozambique,MOZ,2028,38549322.51093906,38.549322510939064
Mozambique,MOZ,2029,39493112.777384445,39.49311277738445
Mozambique,MOZ,2030,40422427.153025985,40.422427153025986
Mozambique,MOZ,2031,41337219.88277313,41.337219882773134
Mozambique,MOZ,2032,42237444.892696366,42.23744489269637
Mozambique,MOZ,2033,43123055.76463406,43.12305576463406
Mozambique,MOZ,2034,43994005.73563251,43.994005735632506
Mozambique,MOZ,2035,44850247.69913384,44.850247699133845
Mauritania,MRT,2026,5455409.178492164,5.455409178492165
Mauritania,MRT,2027,5589947.234805873,5.589947234805873
Mauritania,MRT,2028,5718456.677799765,5.718456677799765
Mauritania,MRT,2029,5840735.50587742,5.84073550587742
Mauritania,MRT,2030,5956585.125786271,5.956585125786271
Mauritania,MRT,2031,6065809.090251278,6.065809090251278
Mauritania,MRT,2032,6168212.972328063,6.168212972328063
Mauritania,MRT,2033,6263604.321949062,6.263604321949062
Mauritania,MRT,2034,6351792.628914207,6.3517926289142075
Mauritania,MRT,2035,6432589.28687682,6.43258928687682
Mauritius,MUS,2026,1237984.911566181,1.2379849115661812
Mauritius,MUS,2027,1227967.5383590166,1.2279675383590167
Mauritius,MUS,2028,1213435.7561059748,1.2134357561059748
Mauritius,MUS,2029,1194159.6586348326,1.1941596586348326
Mauritius,MUS,2030,1169913.3487399821,1.1699133487399822
Mauritius,MUS,2031,1140473.516383606,1.140473516383606
Mauritius,MUS,2032,1105619.2951070499,1.1056192951070498
Mauritius,MUS,2033,1065132.2109024706,1.0651322109024706
Mauritius,MUS,2034,1018796.1383696785,1.0187961383696784
Mauritius,MUS,2035,966397.2580301161,0.9663972580301161
Malawi,MWI,2026,22768651.975961603,22.768651975961603
Malawi,MWI,2027,23311446.182276342,23.31144618227634
Malawi,MWI,2028,23844281.3172681,23.8442813172681
Malawi,MWI,2029,24367024.184252717,24.367024184252717
Malawi,MWI,2030,24879548.77594821,24.879548775948212
Malawi,MWI,2031,25381730.444872804,25.381730444872804
Malawi,MWI,2032,25873445.466938443,25.873445466938442
Malawi,MWI,2033,26354570.992672186,26.354570992672187
Malawi,MWI,2034,26824985.026544802,26.8249850265448
Malawi,MWI,2035,27284566.408580285,27.284566408580286
Malaysia,MYS,2026,36390612.409520075,36.390612409520074
Malaysia,MYS,2027,36796113.166962504,36.796113166962506
Malaysia,MYS,2028,37194192.81017746,37.19419281017746
Malaysia,MYS,2029,37584686.38123621,37.58468638123621
Malaysia,MYS,2030,37967429.13173902,37.96742913173902
Malaysia,MYS,2031,38342257.76671238,38.34225776671238
Malaysia,MYS,2032,38709010.50662808,38.70901050662808
Malaysia,MYS,2033,39067527.064962685,39.06752706496268
Malaysia,MYS,2034,39417648.62011063,39.41764862011063
Malaysia,MYS,2035,39759217.78730473,39.75921778730473
Namibia,NAM,2026,3150780.42733298,3.1507804273329802
Namibia,NAM,2027,3203792.714424804,3.2037927144248037
Namibia,NAM,2028,3251633.451984902,3.251633451984902
Namibia,NAM,2029,3294086.309734109,3.2940863097341087
Namibia,NAM,2030,3330937.3443974126,3.3309373443974124
Namibia,NAM,2031,3361974.9107272774,3.3619749107272776
Namibia,NAM,2032,3386989.6164582297,3.3869896164582296
Namibia,NAM,2033,3405774.281026278,3.4057742810262783
Namibia,NAM,2034,3418123.8951583505,3.4181238951583506
Namibia,NAM,2035,3423835.5811140602,3.4238355811140604
New Caledonia,NCL,2026,294135.03071766277,0.2941350307176628
New Caledonia,NCL,2027,288556.01951778156,0.28855601951778154
New Caledonia,NCL,2028,278348.3151213878,0.27834831512138775
New Caledonia,NCL,2029,263283.96383314405,0.26328396383314406
New Caledonia,NCL,2030,243138.74222809094,0.24313874222809093
New Caledonia,NCL,2031,217690.96860707324,0.21769096860707324
New Caledonia,NCL,2032,186721.37657059706,0.18672137657059706
New Caledonia,NCL,2033,150013.06552591413,0.15001306552591415
New Caledonia,NCL,2034,107351.45735756226,0.10735145735756227
New Caledonia,NCL,2035,58524.254168052576,0.05852425416805258
Niger,NER,2026,28791756.84028322,28.79175684028322
Niger,NER,2027,29652381.06738808,29.65238106738808
Niger,NER,2028,30499515.404400613,30.499515404400615
Niger,NER,2029,31333087.874709386,31.333087874709385
Niger,NER,2030,32153034.785859283,32.15303478585928
Niger,NER,2031,32959292.968651835,32.95929296865184
Niger,NER,2032,33751799.216934204,33.7517992169342
Niger,NER,2033,34530490.2445949,34.5304902445949
Niger,NER,2034,35295302.679736435,35.29530267973644
Niger,NER,2035,36046173.06154692,36.046173061546924
Nigeria,NGA,2026,242334101.25556815,242.33410125556816
Nigeria,NGA,2027,247092284.82885584,247.09228482885584
Nigeria,NGA,2028,251802463.79492575,251.80246379492576
Nigeria,NGA,2029,256465210.53438124,256.46521053438124
Nigeria,NGA,2030,261081119.39250597,261.08111939250597
Nigeria,NGA,2031,265650776.71602753,265.6507767160275
Nigeria,NGA,2032,270174758.8537273,270.17475885372727
Nigeria,NGA,2033,274653632.1630233,274.6536321630233
Nigeria,NGA,2034,279087953.1581872,279.0879531581872
Nigeria,NGA,2035,283478268.66633224,283.47826866633227
Nicaragua,NIC,2026,7094268.79901536,7.09426879901536
Nicaragua,NIC,2027,7175991.967182719,7.1759919671827195
Nicaragua,NIC,2028,7252439.438488739,7.2524394384887385
Nicaragua,NIC,2029,7323396.850389521,7.32339685038952
Nicaragua,NIC,2030,7388653.236174754,7.388653236174754
Nicaragua,NIC,2031,7447999.958764606,7.447999958764606
Nicaragua,NIC,2032,7501230.596157919,7.501230596157919
Nicaragua,NIC,2033,7548140.895829697,7.548140895829697
Nicaragua,NIC,2034,7588528.734669594,7.588528734669594
Nicaragua,NIC,2035,7622194.079897608,7.622194079897608
Netherlands,NLD,2026,18176307.156379078,18.176307156379078
Netherlands,NLD,2027,18260500.43973649,18.26050043973649
Netherlands,NLD,2028,18340076.713951495,18.340076713951493
Netherlands,NLD,2029,18414821.043161973,18.41482104316197
Netherlands,NLD,2030,18484515.08691622,18.48451508691622
Netherlands,NLD,2031,18548942.47463721,18.54894247463721
Netherlands,NLD,2032,18607889.151615515,18.607889151615517
Netherlands,NLD,2033,18661143.36447284,18.66114336447284
Netherlands,NLD,2034,18708495.62135279,18.708495621352792
Netherlands,NLD,2035,18749738.650907885,18.749738650907886
Norway,NOR,2026,5644473.375689672,5.644473375689672
Norway,NOR,2027,5673530.879528339,5.6735308795283395
Norway,NOR,2028,5697864.802128527,5.697864802128527
Norway,NOR,2029,5717255.256838022,5.717255256838022
Norway,NOR,2030,5731481.600535786,5.731481600535786
Norway,NOR,2031,5740325.36760502,5.7403253676050205
Norway,NOR,2032,5743570.440304997,5.743570440304997
Norway,NOR,2033,5741003.021289154,5.741003021289154
Norway,NOR,2034,5732411.592539417,5.732411592539417
Norway,NOR,2035,5717586.8739414,5.7175868739414
Nepal,NPL,2026,29584169.82536594,29.584169825365937
Nepal,NPL,2027,29548130.7829061,29.5481307829061
Nepal,NPL,2028,29509683.330782752,29.509683330782753
Nepal,NPL,2029,29468567.4234868,29.4685674234868
Nepal,NPL,2030,29424529.92313538,29.42452992313538
Nepal,NPL,2031,29377320.916910578,29.377320916910577
Nepal,NPL,2032,29326693.404229112,29.32669340422911
Nepal,NPL,2033,29272403.226703703,29.2724032267037
Nepal,NPL,2034,29214209.016296655,29.214209016296653
Nepal,NPL,2035,29151872.14552191,29.15187214552191
Naoero,NRU,2026,8230.264412509277,0.008230264412509278
Naoero,NRU,2027,68.9668538828846,6.896685388288461e-05
Naoero,NRU,2028,-12707.19812415808,-0.012707198124158079
Naoero,NRU,2029,-30326.539267861517,-0.030326539267861517
Naoero,NRU,2030,-53013.608973349095,-0.05301360897334909
Naoero,NRU,2031,-80990.41151766363,-0.08099041151766363
Naoero,NRU,2032,-114476.530973583,-0.114476530973583
Naoero,NRU,2033,-153689.1808829779,-0.1536891808829779
Naoero,NRU,2034,-198843.2476715675,-0.1988432476715675
Naoero,NRU,2035,-250151.33298552863,-0.2501513329855286
New Zealand,NZL,2026,5351516.900343029,5.351516900343029
New Zealand,NZL,2027,5373643.334632186,5.373643334632186
New Zealand,NZL,2028,5391097.98145825,5.39109798145825
New Zealand,NZL,2029,5403673.888757743,5.403673888757743
New Zealand,NZL,2030,5411150.190098748,5.4111501900987475
New Zealand,NZL,2031,5413307.269531199,5.413307269531199
New Zealand,NZL,2032,5409927.8101258315,5.409927810125832
New Zealand,NZL,2033,5400796.829275571,5.400796829275571
New Zealand,NZL,2034,5385701.641854295,5.385701641854294
New Zealand,NZL,2035,5364431.818815195,5.364431818815195
Oman,OMN,2026,5700489.1552227475,5.700489155222748
Oman,OMN,2027,5899600.255593386,5.899600255593386
Oman,OMN,2028,6091897.131014093,6.091897131014093
Oman,OMN,2029,6277197.283046046,6.277197283046046
Oman,OMN,2030,6455315.974883473,6.455315974883472
Oman,OMN,2031,6626070.012182409,6.626070012182409
Oman,OMN,2032,6789277.982852462,6.789277982852462
Oman,OMN,2033,6944760.243017824,6.944760243017824
Oman,OMN,2034,7092338.8852372505,7.09233888523725
Oman,OMN,2035,7231837.7059317455,7.231837705931746
Pakistan,PAK,2026,259148800.50829032,259.1488005082903
Pakistan,PAK,2027,263042438.8231085,263.0424388231085
Pakistan,PAK,2028,266899816.01587644,266.89981601587647
Pakistan,PAK,2029,270721264.26952326,270.72126426952326
Pakistan,PAK,2030,274507179.73504096,274.50717973504095
Pakistan,PAK,2031,278257956.47933227,278.2579564793323
Pakistan,PAK,2032,281973981.8467501,281.97398184675006
Pakistan,PAK,2033,285655636.2298476,285.65563622984763
Pakistan,PAK,2034,289303293.15512055,289.30329315512057
Pakistan,PAK,2035,292917319.3897077,292.9173193897077
Panama,PAN,2026,4622471.012767858,4.622471012767858
Panama,PAN,2027,4668991.213737046,4.668991213737046
Panama,PAN,2028,4710513.42475464,4.71051342475464
Panama,PAN,2029,4746817.764966127,4.746817764966128
Panama,PAN,2030,4777687.728836699,4.7776877288367
Panama,PAN,2031,4802909.218151404,4.802909218151403
Panama,PAN,2032,4822270.433218781,4.8222704332187805
Panama,PAN,2033,4835561.826404836,4.835561826404836
Panama,PAN,2034,4842576.060753234,4.842576060753234
Panama,PAN,2035,4843107.9695703145,4.8431079695703145
Peru,PER,2026,34928557.450044096,34.928557450044096
Peru,PER,2027,35273822.783254,35.273822783254
Peru,PER,2028,35612315.40298259,35.612315402982595
Peru,PER,2029,35943859.562237024,35.94385956223702
Peru,PER,2030,36268278.986972004,36.26827898697201
Peru,PER,2031,36585398.97316763,36.58539897316763
Peru,PER,2032,36895046.507364064,36.895046507364064
Peru,PER,2033,37197050.24570595,37.197050245705945
Peru,PER,2034,37491240.483288184,37.49124048328818
Peru,PER,2035,37777449.12326132,37.77744912326132
Philippines,PHL,2026,117721720.46919449,117.72172046919448
Philippines,PHL,2027,118647880.7965586,118.64788079655861
Philippines,PHL,2028,119565328.24141912,119.56532824141912
Philippines,PHL,2029,120473945.31555642,120.47394531555642
Philippines,PHL,2030,121373615.16891767,121.37361516891767
Philippines,PHL,2031,122264221.81563438,122.26422181563439
Philippines,PHL,2032,123145650.13336404,123.14565013336404
Philippines,PHL,2033,124017785.84661047,124.01778584661047
Philippines,PHL,2034,124880515.50914869,124.8805155091487
Philippines,PHL,2035,125733726.48663639,125.73372648663639
Palau,PLW,2026,13759.43058836396,0.013759430588363961
Palau,PLW,2027,5490.953972166812,0.005490953972166811
Palau,PLW,2028,-7390.725890246336,-0.007390725890246337
Palau,PLW,2029,-25113.94234009192,-0.02511394234009192
Palau,PLW,2030,-47903.2744023198,-0.047903274402319805
Palau,PLW,2031,-75980.75272724859,-0.0759807527272486
Palau,PLW,2032,-109565.98734745348,-0.10956598734745349
Palau,PLW,2033,-148876.21734618337,-0.14887621734618336
Palau,PLW,2034,-194126.35427806014,-0.19412635427806013
Palau,PLW,2035,-245529.0245123111,-0.2455290245123111
Papua New Guinea,PNG,2026,10943709.603473594,10.943709603473595
Papua New Guinea,PNG,2027,11118644.210821483,11.118644210821483
Papua New Guinea,PNG,2028,11287398.509953551,11.287398509953551
Papua New Guinea,PNG,2029,11449774.602726549,11.44977460272655
Papua New Guinea,PNG,2030,11605578.221999375,11.605578221999375
Papua New Guinea,PNG,2031,11754617.204381522,11.754617204381521
Papua New Guinea,PNG,2032,11896701.346531434,11.896701346531435
Papua New Guinea,PNG,2033,12031642.361360483,12.031642361360483
Papua New Guinea,PNG,2034,12159253.841938283,12.159253841938284
Papua New Guinea,PNG,2035,12279351.226468392,12.27935122646839
Poland,POL,2026,36312496.10631473,36.31249610631473
Poland,POL,2027,36188531.820342615,36.18853182034262
Poland,POL,2028,36063661.84220131,36.063661842201306
Poland,POL,2029,35937604.62949471,35.937604629494714
Poland,POL,2030,35810083.55835988,35.81008355835988
Poland,POL,2031,35680825.443590164,35.680825443590166
Poland,POL,2032,35549560.378241345,35.549560378241345
Poland,POL,2033,35416021.66886729,35.41602166886729
Poland,POL,2034,35279945.77847004,35.27994577847004
Poland,POL,2035,35141072.27083625,35.14107227083625
Puerto Rico (US),PRI,2026,3162500.7225784226,3.1625007225784225
Puerto Rico (US),PRI,2027,3136141.8248757445,3.1361418248757444
Puerto Rico (US),PRI,2028,3105584.2824273026,3.105584282427303
Puerto Rico (US),PRI,2029,3070599.2398895123,3.0705992398895123
Puerto Rico (US),PRI,2030,3030956.3209393625,3.0309563209393624
Puerto Rico (US),PRI,2031,2986427.4138045246,2.9864274138045244
Puerto Rico (US),PRI,2032,2936786.900477804,2.936786900477804
Puerto Rico (US),PRI,2033,2881811.631180004,2.881811631180004
Puerto Rico (US),PRI,2034,2821280.881189291,2.821280881189291
Puerto Rico (US),PRI,2035,2754976.307056836,2.754976307056836
"Korea, Dem. People's Rep.",PRK,2026,26639502.09611023,26.639502096110228
"Korea, Dem. People's Rep.",PRK,2027,26704335.864662264,26.704335864662262
"Korea, Dem. People's Rep.",PRK,2028,26765327.9906724,26.765327990672397
"Korea, Dem. People's Rep.",PRK,2029,26822248.362368364,26.822248362368363
"Korea, Dem. People's Rep.",PRK,2030,26874867.79638665,26.874867796386653
"Korea, Dem. People's Rep.",PRK,2031,26922959.554805998,26.922959554806
"Korea, Dem. People's Rep.",PRK,2032,26966299.4114506,26.9662994114506
"Korea, Dem. People's Rep.",PRK,2033,27004665.614671767,27.004665614671765
"Korea, Dem. People's Rep.",PRK,2034,27037838.843358018,27.037838843358017
"Korea, Dem. People's Rep.",PRK,2035,27065602.16311164,27.065602163111638
Portugal,PRT,2026,10910105.919810846,10.910105919810846
Portugal,PRT,2027,11010282.466215432,11.01028246621543
Portugal,PRT,2028,11105194.301905064,11.105194301905064
Portugal,PRT,2029,11194629.841252502,11.194629841252501
Portugal,PRT,2030,11278379.235314861,11.27837923531486
Portugal,PRT,2031,11356234.83512698,11.35623483512698
Portugal,PRT,2032,11427991.187189871,11.427991187189871
Portugal,PRT,2033,11493444.995955557,11.493444995955556
Portugal,PRT,2034,11552395.084527371,11.55239508452737
Portugal,PRT,2035,11604642.355808498,11.604642355808497
Paraguay,PRY,2026,7092499.377618633,7.092499377618633
Paraguay,PRY,2027,7166967.831498301,7.166967831498301
Paraguay,PRY,2028,7236249.769090683,7.2362497690906835
Paraguay,PRY,2029,7300129.277580529,7.300129277580529
Paraguay,PRY,2030,7358393.861213131,7.3583938612131305
Paraguay,PRY,2031,7410833.377947753,7.410833377947753
Paraguay,PRY,2032,7457239.924744158,7.457239924744158
Paraguay,PRY,2033,7497407.791587575,7.497407791587575
Paraguay,PRY,2034,7531133.421045358,7.531133421045358
Paraguay,PRY,2035,7558215.368805933,7.558215368805933
West Bank and Gaza,PSE,2026,5533130.340580802,5.5331303405808026
West Bank and Gaza,PSE,2027,5647131.482143257,5.647131482143257
West Bank and Gaza,PSE,2028,5755362.441232475,5.755362441232475
West Bank and Gaza,PSE,2029,5857616.037976721,5.8576160379767215
West Bank and Gaza,PSE,2030,5953689.235760335,5.953689235760335
West Bank and Gaza,PSE,2031,6043381.261604702,6.0433812616047025
West Bank and Gaza,PSE,2032,6126493.43513366,6.126493435133661
West Bank and Gaza,PSE,2033,6202829.1208222015,6.2028291208222015
West Bank and Gaza,PSE,2034,6272193.689657726,6.272193689657726
West Bank and Gaza,PSE,2035,6334394.482026186,6.334394482026186
French Polynesia,PYF,2026,279256.7707960484,0.2792567707960484
French Polynesia,PYF,2027,271691.5316735144,0.2716915316735144
French Polynesia,PYF,2028,259521.11838294426,0.2595211183829443
French Polynesia,PYF,2029,242517.156294378,0.24251715629437798
French Polynesia,PYF,2030,220455.01375694457,0.22045501375694457
French Polynesia,PYF,2031,193112.60775753198,0.19311260775753197
French Polynesia,PYF,2032,160270.27698068548,0.16027027698068547
French Polynesia,PYF,2033,121710.73218273977,0.12171073218273977
French Polynesia,PYF,2034,77219.01275832509,0.07721901275832509
French Polynesia,PYF,2035,26582.444380626373,0.026582444380626374
Qatar,QAT,2026,3075396.014917693,3.0753960149176933
Qatar,QAT,2027,3172641.0043556676,3.1726410043556674
Qatar,QAT,2028,3264135.109597711,3.264135109597711
Qatar,QAT,2029,3349699.89543394,3.34969989543394
Qatar,QAT,2030,3429132.83847698,3.42913283847698
Qatar,QAT,2031,3502231.6733322176,3.5022316733322176
Qatar,QAT,2032,3568796.104816031,3.5687961048160313
Qatar,QAT,2033,3628627.895103038,3.6286278951030377
Qatar,QAT,2034,3681530.8347192295,3.6815308347192297
Qatar,QAT,2035,3727310.705747126,3.727310705747126
Romania,ROU,2026,18984757.330547266,18.984757330547264
Romania,ROU,2027,18946341.391938362,18.94634139193836
Romania,ROU,2028,18904867.82998313,18.90486782998313
Romania,ROU,2029,18860095.379225712,18.86009537922571
Romania,ROU,2030,18811779.256891727,18.81177925689173
Romania,ROU,2031,18759677.033560123,18.759677033560124
Romania,ROU,2032,18703549.00843132,18.70354900843132
Romania,ROU,2033,18643158.190632384,18.643158190632384
Romania,ROU,2034,18578270.25294937,18.57827025294937
Romania,ROU,2035,18508653.48429035,18.50865348429035
Russian Federation,RUS,2026,143363319.2551141,143.3633192551141
Russian Federation,RUS,2027,143219713.83848745,143.21971383848745
Russian Federation,RUS,2028,143082173.47592014,143.08217347592014
Russian Federation,RUS,2029,142950333.60361522,142.95033360361523
Russian Federation,RUS,2030,142823832.31037024,142.82383231037025
Russian Federation,RUS,2031,142702312.33900625,142.70231233900626
Russian Federation,RUS,2032,142585421.1540605,142.58542115406053
Russian Federation,RUS,2033,142472810.8718087,142.47281087180872
Russian Federation,RUS,2034,142364138.1815967,142.3641381815967
Russian Federation,RUS,2035,142259064.26772526,142.25906426772525
Rwanda,RWA,2026,14876259.869989343,14.876259869989344
Rwanda,RWA,2027,15175973.04263471,15.17597304263471
Rwanda,RWA,2028,15468222.002748877,15.468222002748877
Rwanda,RWA,2029,15752828.23111978,15.75282823111978
Rwanda,RWA,2030,16029620.485966668,16.029620485966667
Rwanda,RWA,2031,16298429.551141743,16.298429551141744
Rwanda,RWA,2032,16559087.830465317,16.559087830465316
Rwanda,RWA,2033,16811429.290570933,16.811429290570935
Rwanda,RWA,2034,17055289.429219224,17.055289429219222
Rwanda,RWA,2035,17290505.245871477,17.290505245871476
Saudi Arabia,SAU,2026,38631280.51392716,38.63128051392716
Saudi Arabia,SAU,2027,40266994.28632538,40.26699428632538
Saudi Arabia,SAU,2028,41880323.153668046,41.880323153668044
Saudi Arabia,SAU,2029,43471328.856771976,43.471328856771976
Saudi Arabia,SAU,2030,45040101.97432412,45.04010197432412
Saudi Arabia,SAU,2031,46586732.792955786,46.586732792955786
Saudi Arabia,SAU,2032,48111309.249543756,48.11130924954376
Saudi Arabia,SAU,2033,49613916.81735355,49.61391681735355
Saudi Arabia,SAU,2034,51094638.53123152,51.094638531231524
Saudi Arabia,SAU,2035,52553555.02222885,52.55355502222885
Sudan,SDN,2026,52917793.73707038,52.91779373707038
Sudan,SDN,2027,54160993.12407029,54.16099312407029
Sudan,SDN,2028,55387802.665621415,55.387802665621415
Sudan,SDN,2029,56597939.53361018,56.59793953361018
Sudan,SDN,2030,57791382.77035537,57.791382770355376
Sudan,SDN,2031,58968129.25984913,58.96812925984913
Sudan,SDN,2032,60128176.212675646,60.12817621267565
Sudan,SDN,2033,61271519.91967274,61.27151991967274
Sudan,SDN,2034,62398155.67386395,62.39815567386395
Sudan,SDN,2035,63508077.7760994,63.5080777760994
Senegal,SEN,2026,19354639.92955502,19.35463992955502
Senegal,SEN,2027,19768937.856330037,19.768937856330037
Senegal,SEN,2028,20174641.436639946,20.174641436639945
Senegal,SEN,2029,20571594.596616212,20.57159459661621
Senegal,SEN,2030,20959646.960115846,20.959646960115847
Senegal,SEN,2031,21338649.761617426,21.338649761617425
Senegal,SEN,2032,21708455.52913113,21.70845552913113
Senegal,SEN,2033,22068918.03824873,22.06891803824873
Senegal,SEN,2034,22419892.286027115,22.419892286027114
Senegal,SEN,2035,22761234.46664979,22.76123446664979
Singapore,SGP,2026,6177936.028718069,6.17793602871807
Singapore,SGP,2027,6239619.686885059,6.239619686885059
Singapore,SGP,2028,6296200.61198067,6.29620061198067
Singapore,SGP,2029,6347475.958722869,6.347475958722869
Singapore,SGP,2030,6393232.3107581325,6.393232310758132
Singapore,SGP,2031,6433257.629370681,6.433257629370681
Singapore,SGP,2032,6467342.072868269,6.467342072868269
Singapore,SGP,2033,6495278.017235842,6.495278017235842
Singapore,SGP,2034,6516860.020023783,6.516860020023783
Singapore,SGP,2035,6531884.780751386,6.531884780751386
Solomon Islands,SLB,2026,854062.7881292045,0.8540627881292046
Solomon Islands,SLB,2027,864931.7643569304,0.8649317643569304
Solomon Islands,SLB,2028,871004.997943908,0.871004997943908
Solomon Islands,SLB,2029,872057.4542738697,0.8720574542738697
Solomon Islands,SLB,2030,867867.9418649737,0.8678679418649737
Solomon Islands,SLB,2031,858217.7747599985,0.8582177747599985
Solomon Islands,SLB,2032,842890.6361167335,0.8428906361167335
Solomon Islands,SLB,2033,821672.5287092163,0.8216725287092163
Solomon Islands,SLB,2034,794351.7322975552,0.7943517322975552
Solomon Islands,SLB,2035,760718.7621072365,0.7607187621072365
Sierra Leone,SLE,2026,8991902.231126033,8.991902231126033
Sierra Leone,SLE,2027,9158022.227774568,9.158022227774568
Sierra Leone,SLE,2028,9317946.48706664,9.31794648706664
Sierra Leone,SLE,2029,9471477.82294464,9.471477822944639
Sierra Leone,SLE,2030,9618421.671345051,9.618421671345052
Sierra Leone,SLE,2031,9758585.502912968,9.758585502912968
Sierra Leone,SLE,2032,9891778.746747792,9.891778746747791
Sierra Leone,SLE,2033,10017812.751388405,10.017812751388405
Sierra Leone,SLE,2034,10136500.748999791,10.136500748999792
Sierra Leone,SLE,2035,10247657.820307817,10.247657820307817
El Salvador,SLV,2026,6388908.870698193,6.388908870698193
El Salvador,SLV,2027,6408006.239532363,6.408006239532362
El Salvador,SLV,2028,6422554.071372327,6.4225540713723275
El Salvador,SLV,2029,6432325.4184905365,6.432325418490536
El Salvador,SLV,2030,6437096.658606315,6.437096658606315
El Salvador,SLV,2031,6436646.680263561,6.436646680263562
El Salvador,SLV,2032,6430756.783316653,6.430756783316653
El Salvador,SLV,2033,6419210.631425379,6.419210631425379
El Salvador,SLV,2034,6401794.208922396,6.4017942089223965
El Salvador,SLV,2035,6378295.778621439,6.378295778621439
San Marino,SMR,2026,30369.572266857605,0.030369572266857606
San Marino,SMR,2027,22264.332993699936,0.022264332993699936
San Marino,SMR,2028,9544.931850517052,0.009544931850517052
San Marino,SMR,2029,-8016.947877333732,-0.008016947877333732
San Marino,SMR,2030,-30645.863803742453,-0.030645863803742453
San Marino,SMR,2031,-58563.825128092896,-0.0585638251280929
San Marino,SMR,2032,-91990.4207279135,-0.0919904207279135
San Marino,SMR,2033,-131142.86884648004,-0.13114286884648005
San Marino,SMR,2034,-176236.0605100426,-0.1762360605100426
San Marino,SMR,2035,-227482.60186603677,-0.22748260186603678
"Somalia, Fed. Rep.",SOM,2026,20289840.133351043,20.289840133351042
"Somalia, Fed. Rep.",SOM,2027,20913956.032210167,20.913956032210166
"Somalia, Fed. Rep.",SOM,2028,21526950.954128433,21.526950954128434
"Somalia, Fed. Rep.",SOM,2029,22128715.788243007,22.128715788243007
"Somalia, Fed. Rep.",SOM,2030,22719143.90960084,22.719143909600838
"Somalia, Fed. Rep.",SOM,2031,23298129.43163332,23.29812943163332
"Somalia, Fed. Rep.",SOM,2032,23865567.06753886,23.865567067538862
"Somalia, Fed. Rep.",SOM,2033,24421352.107418943,24.421352107418944
"Somalia, Fed. Rep.",SOM,2034,24965380.403921258,24.96538040392126
"Somalia, Fed. Rep.",SOM,2035,25497548.35868394,25.49754835868394
Serbia,SRB,2026,6508703.497103004,6.508703497103004
Serbia,SRB,2027,6464751.913586396,6.464751913586396
Serbia,SRB,2028,6417034.306278266,6.417034306278266
Serbia,SRB,2029,6365310.183175939,6.365310183175939
Serbia,SRB,2030,6309342.53301172,6.309342533011719
Serbia,SRB,2031,6248897.064212781,6.248897064212781
Serbia,SRB,2032,6183742.106020933,6.183742106020933
Serbia,SRB,2033,6113648.557870492,6.113648557870492
Serbia,SRB,2034,6038389.842920436,6.038389842920435
Serbia,SRB,2035,5957741.862561958,5.957741862561958
South Sudan,SSD,2026,12412963.617340092,12.412963617340091
South Sudan,SSD,2027,12629650.701000858,12.629650701000859
South Sudan,SSD,2028,12839657.86674994,12.83965786674994
South Sudan,SSD,2029,13042868.48812592,13.04286848812592
South Sudan,SSD,2030,13239101.248805903,13.239101248805904
South Sudan,SSD,2031,13428171.917575829,13.42817191757583
South Sudan,SSD,2032,13609897.753021719,13.60989775302172
South Sudan,SSD,2033,13784097.788205853,13.784097788205854
South Sudan,SSD,2034,13950592.819926895,13.950592819926895
South Sudan,SSD,2035,14109205.377251035,14.109205377251035
Sao Tome and Principe,STP,2026,241062.66235111654,0.24106266235111654
Sao Tome and Principe,STP,2027,237462.91926953604,0.23746291926953603
Sao Tome and Principe,STP,2028,229206.84011638112,0.22920684011638112
Sao Tome and Principe,STP,2029,216066.88261566684,0.21606688261566684
Sao Tome and Principe,STP,2030,197819.27744973433,0.19781927744973432
Sao Tome and Principe,STP,2031,174242.7932790398,0.1742427932790398
Sao Tome and Principe,STP,2032,145118.6070914244,0.1451186070914244
Sao Tome and Principe,STP,2033,110230.25458637998,0.11023025458637997
Sao Tome and Principe,STP,2034,69363.58694378915,0.06936358694378915
Sao Tome and Principe,STP,2035,22306.72867695504,0.022306728676955042
Suriname,SUR,2026,641362.2473355425,0.6413622473355425
Suriname,SUR,2027,638481.5663012181,0.6384815663012181
Suriname,SUR,2028,630960.8050798577,0.6309608050798577
Suriname,SUR,2029,618572.3329764318,0.6185723329764318
Suriname,SUR,2030,601092.2326955701,0.6010922326955701
Suriname,SUR,2031,578299.1233290313,0.5782991233290313
Suriname,SUR,2032,549974.0348264228,0.5499740348264228
Suriname,SUR,2033,515900.35863419005,0.51590035863419
Suriname,SUR,2034,475863.80444203375,0.47586380444203374
Suriname,SUR,2035,429652.3579943827,0.42965235799438267
Slovak Republic,SVK,2026,5401840.560041214,5.401840560041214
Slovak Republic,SVK,2027,5385921.395530395,5.385921395530395
Slovak Republic,SVK,2028,5365820.623266486,5.365820623266487
Slovak Republic,SVK,2029,5341305.485825552,5.3413054858255515
Slovak Republic,SVK,2030,5312145.790563678,5.312145790563679
Slovak Republic,SVK,2031,5278113.8978789,5.2781138978789
Slovak Republic,SVK,2032,5238984.677783737,5.238984677783737
Slovak Republic,SVK,2033,5194535.464874859,5.194535464874859
Slovak Republic,SVK,2034,5144546.0138498,5.1445460138498005
Slovak Republic,SVK,2035,5088798.455714382,5.088798455714382
Slovenia,SVN,2026,2130544.4347876343,2.1305444347876343
Slovenia,SVN,2027,2125810.7377766185,2.1258107377766184
Slovenia,SVN,2028,2116552.211751219,2.1165522117512188
Slovenia,SVN,2029,2102540.8269881946,2.1025408269881947
Slovenia,SVN,2030,2083551.2248117658,2.083551224811766
Slovenia,SVN,2031,2059360.5321602216,2.0593605321602215
Slovenia,SVN,2032,2029748.3068896807,2.029748306889681
Slovenia,SVN,2033,1994496.493121402,1.9944964931214022
Slovenia,SVN,2034,1953389.377953386,1.953389377953386
Slovenia,SVN,2035,1906213.5489024222,1.9062135489024221
Sweden,SWE,2026,10619530.389854671,10.619530389854672
Sweden,SWE,2027,10638378.108206745,10.638378108206746
Sweden,SWE,2028,10652943.56532981,10.65294356532981
Sweden,SWE,2029,10662998.267827462,10.662998267827462
Sweden,SWE,2030,10668315.450141054,10.668315450141053
Sweden,SWE,2031,10668670.795620691,10.668670795620692
Sweden,SWE,2032,10663842.446468638,10.663842446468639
Sweden,SWE,2033,10653610.963268533,10.653610963268534
Sweden,SWE,2034,10637759.281544212,10.637759281544213
Sweden,SWE,2035,10616072.668745125,10.616072668745124
Eswatini,SWZ,2026,1265646.5960753006,1.2656465960753005
Eswatini,SWZ,2027,1270673.2771958448,1.2706732771958449
Eswatini,SWZ,2028,1271002.262826644,1.271002262826644
Eswatini,SWZ,2029,1266406.71354646,1.26640671354646
Eswatini,SWZ,2030,1256663.8753990773,1.2566638753990773
Eswatini,SWZ,2031,1241553.5406048663,1.2415535406048663
Eswatini,SWZ,2032,1220857.8962896948,1.2208578962896948
Eswatini,SWZ,2033,1194361.4735485953,1.1943614735485952
Eswatini,SWZ,2034,1161851.1043481627,1.1618511043481627
Eswatini,SWZ,2035,1123115.8796140107,1.1231158796140106
Sint Maarten (Dutch part),SXM,2026,40617.03301197896,0.040617033011978956
Sint Maarten (Dutch part),SXM,2027,32940.34247095563,0.032940342470955626
Sint Maarten (Dutch part),SXM,2028,20644.845810966217,0.020644845810966216
Sint Maarten (Dutch part),SXM,2029,3502.323367928271,0.003502323367928271
Sint Maarten (Dutch part),SXM,2030,-18711.69891045848,-0.01871169891045848
Sint Maarten (Dutch part),SXM,2031,-46219.14883857465,-0.04621914883857465
Sint Maarten (Dutch part),SXM,2032,-79239.53525335668,-0.07923953525335668
Sint Maarten (Dutch part),SXM,2033,-117989.99762276479,-0.11798999762276478
Sint Maarten (Dutch part),SXM,2034,-162685.34943827416,-0.16268534943827417
Sint Maarten (Dutch part),SXM,2035,-213538.12053256517,-0.21353812053256516
Seychelles,SYC,2026,120209.86115992168,0.12020986115992169
Seychelles,SYC,2027,113313.40725873952,0.11331340725873952
Seychelles,SYC,2028,101793.48691141745,0.10179348691141744
Seychelles,SYC,2029,85422.04527911951,0.08542204527911951
Seychelles,SYC,2030,63974.71661919571,0.06397471661919571
Seychelles,SYC,2031,37229.67591864127,0.037229675918641264
Seychelles,SYC,2032,4967.51532103779,0.004967515321037791
Seychelles,SYC,2033,-33028.80519355298,-0.03302880519355298
Seychelles,SYC,2034,-76974.00115722849,-0.07697400115722848
Seychelles,SYC,2035,-127080.50590601936,-0.12708050590601935
Syrian Arab Republic,SYR,2026,26545584.141414575,26.545584141414576
Syrian Arab Republic,SYR,2027,27455939.01259367,27.45593901259367
Syrian Arab Republic,SYR,2028,28351998.48266588,28.35199848266588
Syrian Arab Republic,SYR,2029,29233751.98731949,29.233751987319494
Syrian Arab Republic,SYR,2030,30101151.544332296,30.101151544332296
Syrian Arab Republic,SYR,2031,30954146.23002335,30.95414623002335
Syrian Arab Republic,SYR,2032,31792684.655619863,31.792684655619862
Syrian Arab Republic,SYR,2033,32616715.14525594,32.61671514525594
Syrian Arab Republic,SYR,2034,33426185.748877376,33.42618574887737
Syrian Arab Republic,SYR,2035,34221044.243271455,34.22104424327146
Turks and Caicos Islands,TCA,2026,43299.888522602734,0.043299888522602734
Turks and Caicos Islands,TCA,2027,35377.343410037516,0.035377343410037516
Turks and Caicos Islands,TCA,2028,22839.189859746955,0.022839189859746957
Turks and Caicos Islands,TCA,2029,5457.150793848559,0.005457150793848559
Turks and Caicos Islands,TCA,2030,-16993.301941259182,-0.01699330194125918
Turks and Caicos Islands,TCA,2031,-44734.149225113564,-0.04473414922511357
Turks and Caicos Islands,TCA,2032,-77984.95210012677,-0.07798495210012678
Turks and Caicos Islands,TCA,2033,-116962.90140548686,-0.11696290140548686
Turks and Caicos Islands,TCA,2034,-161882.8611840282,-0.1618828611840282
Turks and Caicos Islands,TCA,2035,-212957.41101330367,-0.21295741101330368
Chad,TCD,2026,21678011.834916525,21.678011834916525
Chad,TCD,2027,22339560.778995156,22.339560778995157
Chad,TCD,2028,22989516.556523778,22.98951655652378
Chad,TCD,2029,23627869.88266595,23.62786988266595
Chad,TCD,2030,24254527.62382989,24.25452762382989
Chad,TCD,2031,24869391.084874064,24.869391084874064
Chad,TCD,2032,25472361.620462004,25.472361620462003
Chad,TCD,2033,26063341.02677133,26.06334102677133
Chad,TCD,2034,26642231.55847839,26.64223155847839
Chad,TCD,2035,27208935.91899373,27.20893591899373
Togo,TGO,2026,8771365.723211862,8.771365723211861
Togo,TGO,2027,8945040.536919862,8.945040536919862
Togo,TGO,2028,9112415.022468325,9.112415022468324
Togo,TGO,2029,9273291.64909644,9.273291649096441
Togo,TGO,2030,9427477.46161345,9.42747746161345
Togo,TGO,2031,9574781.653613802,9.574781653613803
Togo,TGO,2032,9715015.359529693,9.715015359529692
Togo,TGO,2033,9847991.606576398,9.847991606576398
Togo,TGO,2034,9973525.278701633,9.973525278701633
Togo,TGO,2035,10091433.081908626,10.091433081908626
Thailand,THA,2026,71571602.4113955,71.5716024113955
Thailand,THA,2027,71523930.3091894,71.5239303091894
Thailand,THA,2028,71476623.96477225,71.47662396477226
Thailand,THA,2029,71429397.69775358,71.42939769775357
Thailand,THA,2030,71381964.64613087,71.38196464613087
Thailand,THA,2031,71334041.14475332,71.33404114475333
Thailand,THA,2032,71285346.9826512,71.2853469826512
Thailand,THA,2033,71235605.36528167,71.23560536528167
Thailand,THA,2034,71184542.85647589,71.18454285647589
Thailand,THA,2035,71131889.31980859,71.1318893198086
Tajikistan,TJK,2026,10976672.75845687,10.976672758456871
Tajikistan,TJK,2027,11160519.983169707,11.160519983169706
Tajikistan,TJK,2028,11338077.568611177,11.338077568611176
Tajikistan,TJK,2029,11509151.102620304,11.509151102620304
Tajikistan,TJK,2030,11673548.28803723,11.67354828803723
Tajikistan,TJK,2031,11831078.795238918,11.831078795238918
Tajikistan,TJK,2032,11981554.21798289,11.98155421798289
Tajikistan,TJK,2033,12124788.037198227,12.124788037198227
Tajikistan,TJK,2034,12260595.58586609,12.26059558586609
Tajikistan,TJK,2035,12388794.014488798,12.388794014488798
Turkmenistan,TKM,2026,7737935.379912078,7.737935379912078
Turkmenistan,TKM,2027,7851599.502630866,7.851599502630866
Turkmenistan,TKM,2028,7959633.737579064,7.959633737579065
Turkmenistan,TKM,2029,8061831.507035993,8.061831507035993
Turkmenistan,TKM,2030,8157988.196557728,8.157988196557728
Turkmenistan,TKM,2031,8247901.32694586,8.24790132694586
Turkmenistan,TKM,2032,8331370.530115779,8.331370530115779
Turkmenistan,TKM,2033,8408197.511454865,8.408197511454865
Turkmenistan,TKM,2034,8478186.011775482,8.478186011775483
Turkmenistan,TKM,2035,8541141.76979477,8.54114176979477
Timor-Leste,TLS,2026,1432508.939610701,1.4325089396107011
Timor-Leste,TLS,2027,1442012.287488345,1.442012287488345
Timor-Leste,TLS,2028,1446773.5301587968,1.4467735301587967
Timor-Leste,TLS,2029,1446566.473790059,1.4465664737900592
Timor-Leste,TLS,2030,1441169.168769958,1.441169168769958
Timor-Leste,TLS,2031,1430362.2111834525,1.4303622111834524
Timor-Leste,TLS,2032,1413928.5802987476,1.4139285802987476
Timor-Leste,TLS,2033,1391653.587014257,1.391653587014257
Timor-Leste,TLS,2034,1363324.8309044125,1.3633248309044126
Timor-Leste,TLS,2035,1328732.158502094,1.328732158502094
Tonga,TON,2026,99446.27853532106,0.09944627853532106
Tonga,TON,2027,90795.78126581653,0.09079578126581654
Tonga,TON,2028,77542.1645953845,0.0775421645953845
Tonga,TON,2029,59456.95434833405,0.059456954348334055
Tonga,TON,2030,36315.42624549789,0.03631542624549789
Tonga,TON,2031,7895.406308125763,0.007895406308125763
Tonga,TON,2032,-26022.856479358394,-0.026022856479358394
Tonga,TON,2033,-65656.73984315875,-0.06565673984315876
Tonga,TON,2034,-111221.29167614284,-0.11122129167614284
Tonga,TON,2035,-162929.27241799491,-0.1629292724179949
Trinidad and Tobago,TTO,2026,1363309.6733489581,1.363309673348958
Trinidad and Tobago,TTO,2027,1354574.573233408,1.354574573233408
Trinidad and Tobago,TTO,2028,1341316.3545081213,1.3413163545081213
Trinidad and Tobago,TTO,2029,1323306.049939096,1.323306049939096
Trinidad and Tobago,TTO,2030,1300317.9920169553,1.3003179920169552
Trinidad and Tobago,TTO,2031,1272129.047013444,1.2721290470134439
Trinidad and Tobago,TTO,2032,1238518.5185387833,1.2385185185387833
Trinidad and Tobago,TTO,2033,1199268.09983917,1.19926809983917
Trinidad and Tobago,TTO,2034,1154161.8302387013,1.1541618302387013
Trinidad and Tobago,TTO,2035,1102986.0525122331,1.1029860525122333
Tunisia,TUN,2026,12415694.799053937,12.415694799053938
Tunisia,TUN,2027,12478327.077383973,12.478327077383973
Tunisia,TUN,2028,12536251.653241761,12.536251653241761
Tunisia,TUN,2029,12589247.547863917,12.589247547863918
Tunisia,TUN,2030,12637095.832843013,12.637095832843013
Tunisia,TUN,2031,12679579.937658153,12.679579937658154
Tunisia,TUN,2032,12716485.631781034,12.716485631781033
Tunisia,TUN,2033,12747600.984040149,12.74760098404015
Tunisia,TUN,2034,12772716.320972458,12.772716320972458
Tunisia,TUN,2035,12791624.185713122,12.791624185713122
Turkiye,TUR,2026,86247320.84566876,86.24732084566877
Turkiye,TUR,2027,86613381.30306785,86.61338130306785
Turkiye,TUR,2028,86975705.84959976,86.97570584959976
Turkiye,TUR,2029,87334022.4288227,87.33402242882269
Turkiye,TUR,2030,87688115.74559763,87.68811574559763
Turkiye,TUR,2031,88037776.7558357,88.0377767558357
Turkiye,TUR,2032,88382798.99961244,88.38279899961243
Turkiye,TUR,2033,88722978.29934277,88.72297829934277
Turkiye,TUR,2034,89058112.70025334,89.05811270025333
Turkiye,TUR,2035,89388002.42885517,89.38800242885516
Tuvalu,TUV,2026,5468.488889494911,0.0054684888894949105
Tuvalu,TUV,2027,-2918.8907029702095,-0.0029188907029702093
Tuvalu,TUV,2028,-15918.526007141685,-0.015918526007141685
Tuvalu,TUV,2029,-33758.774595221854,-0.033758774595221856
Tuvalu,TUV,2030,-56664.234641526826,-0.056664234641526826
Tuvalu,TUV,2031,-84856.95531268744,-0.08485695531268744
Tuvalu,TUV,2032,-118556.56484844245,-0.11855656484844244
Tuvalu,TUV,2033,-157980.32025764312,-0.1579803202576431
Tuvalu,TUV,2034,-203343.15074518742,-0.2033431507451874
Tuvalu,TUV,2035,-254857.70005988597,-0.25485770005988595
Tanzania,TZA,2026,72512086.96097398,72.51208696097397
Tanzania,TZA,2027,74454454.85709229,74.45445485709229
Tanzania,TZA,2028,76372783.1281309,76.37278312813089
Tanzania,TZA,2029,78267183.62225948,78.26718362225948
Tanzania,TZA,2030,80137786.60345049,80.1377866034505
Tanzania,TZA,2031,81984720.75744604,81.98472075744604
Tanzania,TZA,2032,83808111.79911588,83.80811179911588
Tanzania,TZA,2033,85608082.41511124,85.60808241511124
Tanzania,TZA,2034,87384752.3017188,87.3847523017188
Tanzania,TZA,2035,89138238.20885873,89.13823820885872
Uganda,UGA,2026,52738902.01094507,52.73890201094507
Uganda,UGA,2027,54075190.766861856,54.07519076686186
Uganda,UGA,2028,55393642.18226202,55.39364218226202
Uganda,UGA,2029,56694266.67752713,56.69426667752713
Uganda,UGA,2030,57977082.6282036,57.977082628203604
Uganda,UGA,2031,59242107.72353546,59.24210772353546
Uganda,UGA,2032,60489358.36239499,60.48935836239499
Uganda,UGA,2033,61718849.62620215,61.71884962620215
Uganda,UGA,2034,62930595.293006495,62.9305952930065
Uganda,UGA,2035,64124607.85425109,64.12460785425108
Ukraine,UKR,2026,40156497.883685336,40.15649788368533
Ukraine,UKR,2027,41321298.14062895,41.32129814062895
Ukraine,UKR,2028,42469938.71725555,42.469938717255545
Ukraine,UKR,2029,43602066.05380054,43.60206605380054
Ukraine,UKR,2030,44717647.7909458,44.7176477909458
Ukraine,UKR,2031,45816673.75911835,45.816673759118345
Ukraine,UKR,2032,46899134.512961045,46.89913451296105
Ukraine,UKR,2033,47965019.79981765,47.965019799817654
Ukraine,UKR,2034,49014318.45976329,49.01431845976329
Ukraine,UKR,2035,50047018.428275645,50.04701842827564
Uruguay,URY,2026,3379105.571403717,3.3791055714037173
Uruguay,URY,2027,3369387.3944181637,3.3693873944181636
Uruguay,URY,2028,3355285.2966354266,3.3552852966354267
Uruguay,URY,2029,3336568.2504201476,3.3365682504201475
Uruguay,URY,2030,3313008.8267191984,3.3130088267191984
Uruguay,URY,2031,3284382.1795831416,3.2843821795831416
Uruguay,URY,2032,3250465.931356784,3.250465931356784
Uruguay,URY,2033,3211040.1232203552,3.2110401232203554
Uruguay,URY,2034,3165887.171075236,3.165887171075236
Uruguay,URY,2035,3114791.822453802,3.114791822453802
United States,USA,2026,343457444.0375042,343.4574440375042
United States,USA,2027,345119053.2259784,345.11905322597835
United States,USA,2028,346776560.4448946,346.7765604448946
United States,USA,2029,348430334.36244005,348.43033436244
United States,USA,2030,350080277.61009175,350.08027761009174
United States,USA,2031,351726260.6551634,351.7262606551634
United States,USA,2032,353368152.93905336,353.36815293905335
United States,USA,2033,355005825.0901803,355.0058250901803
United States,USA,2034,356639149.059779,356.639149059779
United States,USA,2035,358267998.10887355,358.26799810887354
Uzbekistan,UZB,2026,37734073.45587058,37.734073455870586
Uzbekistan,UZB,2027,38404198.32915884,38.404198329158845
Uzbekistan,UZB,2028,39063728.165473476,39.06372816547348
Uzbekistan,UZB,2029,39712554.88114977,39.71255488114977
Uzbekistan,UZB,2030,40350568.622821584,40.350568622821584
Uzbekistan,UZB,2031,40977660.04127033,40.97766004127033
Uzbekistan,UZB,2032,41593720.44054896,41.59372044054896
Uzbekistan,UZB,2033,42198641.77471575,42.19864177471575
Uzbekistan,UZB,2034,42792316.633833736,42.792316633833735
Uzbekistan,UZB,2035,43374638.229406506,43.37463822940651
St. Vincent and the Grenadines,VCT,2026,95373.87286716164,0.09537387286716165
St. Vincent and the Grenadines,VCT,2027,86471.97826857521,0.08647197826857521
St. Vincent and the Grenadines,VCT,2028,72969.81089829822,0.07296981089829822
St. Vincent and the Grenadines,VCT,2029,54638.837924236956,0.05463883792423695
St. Vincent and the Grenadines,VCT,2030,31254.284556935134,0.03125428455693514
St. Vincent and the Grenadines,VCT,2031,2593.9276247924427,0.002593927624792443
St. Vincent and the Grenadines,VCT,2032,-31562.032265562564,-0.03156203226556256
St. Vincent and the Grenadines,VCT,2033,-71431.020450891,-0.07143102045089099
St. Vincent and the Grenadines,VCT,2034,-117228.1316823574,-0.1172281316823574
St. Vincent and the Grenadines,VCT,2035,-169166.17251811572,-0.16916617251811572
"Venezuela, RB",VEN,2026,28625235.4147151,28.6252354147151
"Venezuela, RB",VEN,2027,28729652.762896296,28.729652762896297
"Venezuela, RB",VEN,2028,28829871.795972474,28.829871795972473
"Venezuela, RB",VEN,2029,28925664.038414877,28.925664038414876
"Venezuela, RB",VEN,2030,29016806.767574217,29.016806767574217
"Venezuela, RB",VEN,2031,29103079.953956466,29.103079953956467
"Venezuela, RB",VEN,2032,29184266.000423465,29.184266000423467
"Venezuela, RB",VEN,2033,29260149.683069926,29.260149683069926
"Venezuela, RB",VEN,2034,29330518.107223522,29.330518107223522
"Venezuela, RB",VEN,2035,29395160.66515876,29.39516066515876
British Virgin Islands,VGB,2026,36103.39549198741,0.036103395491987406
British Virgin Islands,VGB,2027,28106.752742231765,0.028106752742231764
British Virgin Islands,VGB,2028,15494.884733300132,0.015494884733300133
British Virgin Islands,VGB,2029,-1960.4242462741677,-0.001960424246274168
British Virgin Islands,VGB,2030,-24483.70737733983,-0.02448370737733983
British Virgin Islands,VGB,2031,-52296.95519293053,-0.05229695519293053
British Virgin Islands,VGB,2032,-85619.73858121317,-0.08561973858121318
British Virgin Islands,VGB,2033,-124669.25810323295,-0.12466925810323294
British Virgin Islands,VGB,2034,-169660.38737934688,-0.16966038737934688
British Virgin Islands,VGB,2035,-220805.71542106278,-0.22080571542106278
Virgin Islands (U.S.),VIR,2026,99343.6144046748,0.09934361440467479
Virgin Islands (U.S.),VIR,2027,90542.15225395223,0.09054215225395222
Virgin Islands (U.S.),VIR,2028,77139.4092791084,0.0771394092791084
Virgin Islands (U.S.),VIR,2029,58906.89137741574,0.05890689137741574
Virgin Islands (U.S.),VIR,2030,35619.843380914244,0.03561984338091424
Virgin Islands (U.S.),VIR,2031,7056.060103419586,0.007056060103419586
Virgin Islands (U.S.),VIR,2032,-27004.240239918232,-0.027004240239918233
Virgin Islands (U.S.),VIR,2033,-66778.46565955912,-0.06677846565955912
Virgin Islands (U.S.),VIR,2034,-112481.69385161996,-0.11248169385161996
Virgin Islands (U.S.),VIR,2035,-164326.71458557353,-0.16432671458557352
Viet Nam,VNM,2026,102202666.14751877,102.20266614751877
Viet Nam,VNM,2027,102801226.07773747,102.80122607773747
Viet Nam,VNM,2028,103394122.4886878,103.3941224886878
Viet Nam,VNM,2029,103981186.10170925,103.98118610170924
Viet Nam,VNM,2030,104562243.21288557,104.56224321288558
Viet Nam,VNM,2031,105137121.44759016,105.13712144759016
Viet Nam,VNM,2032,105705650.1433613,105.7056501433613
Viet Nam,VNM,2033,106267660.34744489,106.26766034744489
Viet Nam,VNM,2034,106822984.78713164,106.82298478713163
Viet Nam,VNM,2035,107371457.83860315,107.37145783860315
Vanuatu,VUT,2026,338624.45298449125,0.33862445298449123
Vanuatu,VUT,2027,337644.88503159344,0.33764488503159346
Vanuatu,VUT,2028,331982.866101285,0.33198286610128497
Vanuatu,VUT,2029,321411.3406301253,0.32141134063012533
Vanuatu,VUT,2030,305707.01794506307,0.30570701794506305
Vanuatu,VUT,2031,284649.13781650114,0.28464913781650114
Vanuatu,VUT,2032,258019.3409593844,0.2580193409593844
Vanuatu,VUT,2033,225601.6195400512,0.2256016195400512
Vanuatu,VUT,2034,187182.27406365488,0.1871822740636549
Vanuatu,VUT,2035,142549.87134381826,0.14254987134381827
Samoa,WSM,2026,216713.16804141836,0.21671316804141835
Samoa,WSM,2027,209751.64608698746,0.20975164608698746
Samoa,WSM,2028,198173.57558682247,0.19817357558682247
Samoa,WSM,2029,181750.7687377038,0.1817507687377038
Samoa,WSM,2030,160258.76948566828,0.16025876948566828
Samoa,WSM,2031,133475.66695945436,0.13347566695945437
Samoa,WSM,2032,101181.96913161053,0.10118196913161052
Samoa,WSM,2033,63160.55327791488,0.06316055327791488
Samoa,WSM,2034,19196.622591431835,0.019196622591431834
Samoa,WSM,2035,-30922.33613306051,-0.030922336133060512
Kosovo,XKX,2026,1560843.5722333882,1.5608435722333882
Kosovo,XKX,2027,1541052.8769551776,1.5410528769551777
Kosovo,XKX,2028,1516913.91508974,1.51691391508974
Kosovo,XKX,2029,1488170.416417639,1.488170416417639
Kosovo,XKX,2030,1454592.4564494675,1.4545924564494674
Kosovo,XKX,2031,1415954.3364673303,1.4159543364673304
Kosovo,XKX,2032,1372032.9527705666,1.3720329527705666
Kosovo,XKX,2033,1322607.6381868755,1.3226076381868754
Kosovo,XKX,2034,1267460.1099795904,1.2674601099795904
Kosovo,XKX,2035,1206374.4260392797,1.2063744260392797
"Yemen, Rep.",YEM,2026,42949373.116177455,42.949373116177455
"Yemen, Rep.",YEM,2027,44108667.30984862,44.10866730984862
"Yemen, Rep.",YEM,2028,45251681.64182778,45.25168164182778
"Yemen, Rep.",YEM,2029,46378401.18968254,46.37840118968254
"Yemen, Rep.",YEM,2030,47488814.79197429,47.48881479197429
"Yemen, Rep.",YEM,2031,48582910.730212495,48.5829107302125
"Yemen, Rep.",YEM,2032,49660676.42826547,49.66067642826547
"Yemen, Rep.",YEM,2033,50722098.4401484,50.7220984401484
"Yemen, Rep.",YEM,2034,51767162.45835671,51.76716245835671
"Yemen, Rep.",YEM,2035,52795853.32351078,52.795853323510784
South Africa,ZAF,2026,65474984.36430545,65.47498436430546
South Africa,ZAF,2027,66193099.50500399,66.19309950500399
South Africa,ZAF,2028,66901759.921991825,66.90175992199183
South Africa,ZAF,2029,67600859.36646983,67.60085936646983
South Africa,ZAF,2030,68290277.94005658,68.29027794005658
South Africa,ZAF,2031,68969895.58721712,68.96989558721712
South Africa,ZAF,2032,69639593.04713917,69.63959304713917
South Africa,ZAF,2033,70299251.90516938,70.29925190516938
South Africa,ZAF,2034,70948754.5798362,70.9487545798362
South Africa,ZAF,2035,71587984.30550121,71.58798430550121
Zambia,ZMB,2026,22503886.008341998,22.503886008341997
Zambia,ZMB,2027,23083671.733557824,23.083671733557825
Zambia,ZMB,2028,23653025.830661878,23.65302583066188
Zambia,ZMB,2029,24211823.791093055,24.211823791093057
Zambia,ZMB,2030,24759947.65329138,24.759947653291377
Zambia,ZMB,2031,25297280.65096456,25.297280650964563
Zambia,ZMB,2032,25823706.81292771,25.82370681292771
Zambia,ZMB,2033,26339110.918820944,26.339110918820943
Zambia,ZMB,2034,26843378.480623264,26.843378480623265
Zambia,ZMB,2035,27336395.72625121,27.33639572625121
Zimbabwe,ZWE,2026,17262323.934187647,17.26232393418765
Zimbabwe,ZWE,2027,17566801.798397195,17.566801798397194
Zimbabwe,ZWE,2028,17863911.30543961,17.86391130543961
Zimbabwe,ZWE,2029,18153468.950617176,18.153468950617174
Zimbabwe,ZWE,2030,18435302.384524122,18.43530238452412
Zimbabwe,ZWE,2031,18709241.576416716,18.709241576416716
Zimbabwe,ZWE,2032,18975118.15084843,18.97511815084843
Zimbabwe,ZWE,2033,19232765.31178415,19.23276531178415
Zimbabwe,ZWE,2034,19482017.80935033,19.48201780935033
Zimbabwe,ZWE,2035,19722711.910081428,19.72271191008143
